# DICT bracket.targets fields (in order): type,price,date,atr_dist,vol_ratio,vol_validated,tp,r; type codes: {'resistance': 'R', 'support': 'S', 'prior_high': 'P', 'fib_1272': 'A', 'fib_1618': 'B', 'fib_2618': 'C', 'fib_2000': 'D'}
# DICT bracket.invalid_reason: 1=no valid bracket — no structural support passes the 3 gates (atr≥1.0, rr≥2.0, risk%≤regime ceiling)
# DICT bracket.stop_type: 1=fib_618; 2=ma100; 3=ma20; 4=ma200; 5=ma50; 6=ma_cluster; 7=swing_low; 8=swing_low_1; 9=swing_low_2; 10=swing_low_3
# DICT gics_sector_name: 1=Communication Services; 2=Consumer Discretionary; 3=Consumer Staples; 4=Energy; 5=Financials; 6=Healthcare; 7=Industrials; 8=Materials; 9=Real Estate; 10=Technology
# DICT mp_accel_state: 1=ACCELERATING; 2=DECELERATING; 3=FLAT
# DICT mp_state: 1=BUILDING; 2=FADING; 3=STRONG
# DICT sector_trend_state: 1=Declining — Avoid; 2=Momentum Fading — Hold, Don't Add; 3=Recovering From Weakness — Watch for Entry
# DICT source: 1=elder_list; 2=longlist; 3=qs; 4=radar-premove
# DICT structure_shift: 1=ABOVE_STRUCTURE; 2=BEARISH_CHOCH; 3=BULLISH_BOS; 4=RANGE
ticker	entry	source	held	atr_14d	days_to_earnings	bracket.invalid_reason	bracket.risk_pct	bracket.rr	bracket.rr_tp1	bracket.stop	bracket.stop_type	bracket.targets	bracket.valid	day_vol	gics_sector	gics_sector_name	mp_accel_state	mp_state	rank	sector_trend_state	sma_distance_pct	structure	structure_shift
WRBY	27.78	2	False	1.69	25	1	null	null	null	null	null	R@27.9@260615@0.07@0.97@F@n@n|R@30.2@260519@1.43@3.5@T@n@n|A@32.95@n@3.05@n@n@n@n|B@35.52@n@4.57@n@n@n@n|D@38.36@n@6.25@n@n@n@n|C@42.95@n@8.96@n@n@n@n	False	1.21	XLV	6	1	1	34	3	8.82	55.8	1
AMGN	421.51	1	False	10.11	23	null	3.2	3.77	1.8	408.03	5	R@445.82@260903@2.41@0.82@F@TP1@1.8|A@472.35@n@5.03@n@n@TP2@3.77|B@504.55@n@8.22@n@n@TP3@6.16|D@540.11@n@11.74@n@n@n@8.8|C@597.63@n@17.43@n@n@n@13.07	True	0.98	XLV	6	1	2	60	3	3.3	65.3	4
TEM	81.9	2	False	4.9	null	1	null	null	null	null	null	P@89.09@n@1.47@n@n@n@n|A@97.62@n@3.21@n@n@n@n|B@108.48@n@5.42@n@n@n@n|D@120.46@n@7.87@n@n@n@n|C@139.85@n@11.82@n@n@n@n	False	0.66	XLV	6	1	3	22	3	33.46	64.6	1
DHR	221.55	2	False	5.73	null	1	null	null	null	null	null	P@228.38@n@1.19@n@n@n@n|A@236.35@n@2.58@n@n@n@n|B@246.48@n@4.35@n@n@n@n|D@257.67@n@6.31@n@n@n@n|C@275.77@n@9.47@n@n@n@n	False	1.28	XLV	6	1	3	16	3	6.66	66.3	3
RCL	265.86	1	False	10.52	null	null	4.83	2.29	1.79	253.01	3	R@288.86@260507@2.19@1.42@T@TP1@1.79|R@295.33@260417@2.8@2.16@T@TP2@2.29|R@333.39@260625@6.42@0.63@F@TP3@5.26|A@349.06@n@7.91@n@n@n@6.47|B@368.21@n@9.73@n@n@n@7.96|D@389.36@n@11.74@n@n@n@9.61|C@423.57@n@14.99@n@n@n@12.27	True	1.39	XLY	2	1	1	70	3	-5.9	26.3	2
RBRK	114.47	2	False	5.47	45	1	null	null	null	null	null	P@116.75@n@0.42@n@n@n@n|A@125.17@n@1.96@n@n@n@n|B@135.89@n@3.92@n@n@n@n|D@147.72@n@6.08@n@n@n@n|C@166.86@n@9.58@n@n@n@n	False	0.74	XLK	10	1	3	40	2	21.22	79.8	1
ADI	396.71	2	False	10.75	38	1	null	null	null	null	null	R@396.95@260817@0.02@0.83@F@n@n|R@408.37@260423@1.08@1.38@T@n@n|R@435.72@260513@3.63@0.99@F@n@n|R@445.91@260622@4.58@0.83@F@n@n|A@462.93@n@6.16@n@n@n@n|B@484.59@n@8.17@n@n@n@n|D@508.5@n@10.4@n@n@n@n|C@547.18@n@13.99@n@n@n@n	False	0.7	XLK	10	1	3	8	2	5.96	78.9	1
SHOP	148.3	2	False	6.79	null	null	6.04	2.63	0.91	139.34	5	R@156.49@260828@1.21@0.49@F@TP1@0.91|A@171.87@n@3.47@n@n@TP2@2.63|B@188.42@n@5.91@n@n@TP3@4.48|D@206.68@n@8.6@n@n@n@6.52|C@236.23@n@12.95@n@n@n@9.81	True	0.66	XLK	10	1	1	49	2	6.43	64.2	4
OKTA	209.11	2	False	9.81	43	1	null	null	null	null	null	P@212.5@n@0.35@n@n@n@n|A@235.59@n@2.7@n@n@n@n|B@264.97@n@5.69@n@n@n@n|D@297.4@n@9.0@n@n@n@n|C@349.87@n@14.35@n@n@n@n	False	0.82	XLK	10	2	3	30	2	29.3	70.3	1
TSM	456.19	2	False	10.48	null	null	3.1	2.76	1.46	442.04	1	R@476.79@260622@1.97@1.04@F@TP1@1.46|A@495.27@n@3.73@n@n@TP2@2.76|B@515.96@n@5.7@n@n@TP3@4.22|D@538.81@n@7.88@n@n@n@5.84|C@575.77@n@11.41@n@n@n@8.45	True	0.91	XLK	10	3	1	23	2	7.85	82.1	1
DOCS	28.34	2	False	1.21	25	null	4.9	12.32	8.39	26.95	4	R@40.0@260807@9.64@9.17@T@TP1@8.39|A@45.47@n@14.16@n@n@TP2@12.32|B@52.43@n@19.91@n@n@TP3@17.33|D@60.12@n@26.26@n@n@n@22.86|C@72.55@n@36.54@n@n@n@31.81	True	1.8	XLV	6	2	1	39	3	14.42	54.7	1
LIN	474.65	1	False	7.5	null	null	1.64	5.99	2.55	466.88	10	R@494.5@260826@2.65@0.82@F@TP1@2.55|R@521.23@260522@6.21@0.72@F@TP2@5.99|R@525.87@260615@6.83@1.19@F@TP3@6.59|R@548.2@260707@9.81@0.82@F@n@9.47|A@559.47@n@11.32@n@n@n@10.92|B@573.8@n@13.23@n@n@n@12.76|D@589.62@n@15.34@n@n@n@14.8|C@615.22@n@18.76@n@n@n@18.09	True	1.33	XLB	8	1	1	72	3	-1.5	40.0	2
RVMD	205.26	1	False	7.55	24	1	null	null	null	null	null	R@213.0@260908@1.02@1.35@T@n@n|R@220.34@260819@2.0@0.77@F@n@n|R@224.31@260827@2.52@1.87@T@n@n|A@231.22@n@3.44@n@n@n@n|B@240.01@n@4.6@n@n@n@n|D@249.71@n@5.89@n@n@n@n|C@265.41@n@7.96@n@n@n@n	False	0.92	XLV	6	1	2	73	3	1.83	51.6	4
NBIS	235.88	2	False	16.45	28	null	7.53	2.42	1.06	218.13	6	R@254.74@260908@1.15@1.19@F@TP1@1.06|R@278.84@260602@2.61@0.74@F@TP2@2.42|R@299.86@260622@3.89@0.82@F@TP3@3.6|A@326.94@n@5.53@n@n@n@5.13|B@361.39@n@7.63@n@n@n@7.07|D@399.42@n@9.94@n@n@n@9.21|C@460.95@n@13.68@n@n@n@12.68	True	0.96	XLC	1	1	1	46	1	8.14	66.3	4
S	23.76	1	False	1.12	45	1	null	null	null	null	null	R@23.95@260813@0.17@1.28@T@n@n|A@25.85@n@1.87@n@n@n@n|B@27.69@n@3.51@n@n@n@n|D@29.73@n@5.33@n@n@n@n|C@33.02@n@8.27@n@n@n@n	False	1.0	XLK	10	2	1	58	2	11.93	71.4	1
CDNS	330.19	1	False	11.22	null	null	3.72	2.07	1.43	317.9	5	R@347.72@260827@1.56@1.31@T@TP1@1.43|R@355.59@260728@2.26@2.15@T@TP2@2.07|R@365.01@260508@3.1@0.88@F@TP3@2.83|R@391.0@260713@5.42@0.59@F@n@4.95|P@416.69@n@7.71@n@n@n@7.04|A@439.85@n@9.78@n@n@n@8.92|B@469.3@n@12.4@n@n@n@11.32|D@501.82@n@15.3@n@n@n@13.97|C@554.43@n@19.99@n@n@n@18.25	True	1.09	XLK	10	1	1	50	2	3.87	49.5	2
TENB	36.39	1	False	2.19	24	1	null	null	null	null	null	R@38.7@260831@1.06@1.05@F@n@n|R@40.19@260814@1.74@0.53@F@n@n|R@43.67@260715@3.33@0.91@F@n@n|A@48.61@n@5.59@n@n@n@n|B@54.9@n@8.47@n@n@n@n|D@61.84@n@11.65@n@n@n@n|C@73.07@n@16.79@n@n@n@n	False	1.09	XLK	10	2	1	75	2	4.07	42.1	4
ELF	100.97	3	False	4.17	null	null	5.07	2.87	1.77	95.85	5	R@110.04@260908@2.18@n@n@TP1@1.77|A@115.66@n@3.52@n@n@TP2@2.87|B@122.81@n@5.24@n@n@TP3@4.27|D@130.7@n@7.13@n@n@n@5.81|C@143.47@n@10.19@n@n@n@8.3	True	0.96	XLP	3	1	2	69	3	5.34	63.2	4
CCL	24.54	1	False	0.94	56	null	4.44	5.16	3.22	23.45	8	R@28.05@260507@3.71@0.95@F@TP1@3.22|R@30.16@260417@5.95@1.27@T@TP2@5.16|R@31.6@260617@7.47@0.94@F@TP3@6.48|A@33.22@n@9.19@n@n@n@7.96|B@35.28@n@11.37@n@n@n@9.85|D@37.55@n@13.77@n@n@n@11.94|C@41.23@n@17.66@n@n@n@15.31	True	1.41	XLY	2	1	1	65	3	-2.93	42.1	2
VIA	30.25	2	False	1.35	31	1	null	null	null	null	null	P@30.82@n@0.42@n@n@n@n|A@32.32@n@1.53@n@n@n@n|B@34.22@n@2.94@n@n@n@n|D@36.32@n@4.49@n@n@n@n|C@39.72@n@7.01@n@n@n@n	False	1.06	XLK	10	1	1	20	2	19.17	84.2	1
VRT	241.31	4	False	12.23	null	null	5.95	2.33	0.98	226.94	8	R@255.4@260922@1.15@0.65@F@TP1@0.98|R@274.76@260827@2.74@0.94@F@TP2@2.33|R@295.34@260908@4.42@1.16@F@TP3@3.76|R@313.61@260723@5.91@0.54@F@n@5.03|P@379.94@n@11.34@n@n@n@9.65|A@403.35@n@13.25@n@n@n@11.28|B@433.13@n@15.69@n@n@n@13.35|D@466.0@n@18.38@n@n@n@15.64|C@519.19@n@22.73@n@n@n@19.34	True	0.78	XLI	7	2	2	77	3	-8.21	33.5	2
NTRA	413.31	2	True	13.04	25	1	null	null	null	null	null	P@427.47@n@1.09@n@n@n@n|A@457.79@n@3.41@n@n@n@n|B@496.36@n@6.37@n@n@n@n|D@538.94@n@9.64@n@n@n@n|C@607.83@n@14.92@n@n@n@n	False	1.21	XLV	6	1	3	37	3	27.07	76.8	1
KSS	18.46	1	False	0.94	38	1	null	null	null	null	null	R@19.62@260625@1.24@0.88@F@n@n|R@20.55@260803@2.24@1.01@F@n@n|A@21.87@n@3.65@n@n@n@n|B@23.54@n@5.43@n@n@n@n|D@25.39@n@7.41@n@n@n@n|C@28.38@n@10.61@n@n@n@n	False	1.13	XLY	2	1	1	63	3	0.88	49.5	4
ACMR	80.92	1	False	5.05	24	null	6.76	2.13	0.34	75.45	10	R@82.78@260923@0.37@2.72@T@TP1@0.34|R@92.55@260807@2.3@1.38@T@TP2@2.13|R@127.19@260630@9.16@1.07@F@TP3@8.46|A@141.61@n@12.02@n@n@n@11.1|B@159.94@n@15.64@n@n@n@14.45|D@180.19@n@19.65@n@n@n@18.15|C@212.94@n@26.14@n@n@n@24.14	True	1.69	XLK	10	1	1	51	2	5.41	35.8	4
META	725.18	2	False	27.07	null	null	5.76	2.76	1.31	683.39	3	P@779.82@n@2.02@n@n@TP1@1.31|A@840.67@n@4.27@n@n@TP2@2.76|B@918.08@n@7.13@n@n@TP3@4.62|D@1003.54@n@10.28@n@n@n@6.66|C@1141.8@n@15.39@n@n@n@9.97	True	0.8	XLC	1	2	2	43	1	16.85	80.0	1
MSFT	512.9	2	False	11.81	null	1	null	null	null	null	null	R@513.73@260810@0.07@0.78@F@n@n|P@519.83@n@0.59@n@n@n@n|A@529.03@n@1.37@n@n@n@n|B@540.74@n@2.36@n@n@n@n|D@553.66@n@3.45@n@n@n@n|C@574.57@n@5.22@n@n@n@n	False	1.29	XLK	10	2	2	29	2	6.29	73.7	4
PANW	397.31	1	False	18.02	34	1	null	null	null	null	null	R@398.88@260813@0.09@0.76@F@n@n|A@427.35@n@1.67@n@n@n@n|B@456.17@n@3.27@n@n@n@n|D@487.99@n@5.03@n@n@n@n|C@539.47@n@7.89@n@n@n@n	False	0.88	XLK	10	2	1	55	2	10.64	71.4	1
DT	57.74	2	False	1.76	24	1	null	null	null	null	null	P@59.41@n@0.95@n@n@n@n|A@62.09@n@2.47@n@n@n@n|B@65.5@n@4.41@n@n@n@n|D@69.26@n@6.55@n@n@n@n|C@75.35@n@10.01@n@n@n@n	False	0.85	XLK	10	2	2	47	2	13.76	74.7	1
FROG	97.04	1	False	5.28	25	1	null	null	null	null	null	R@98.47@260814@0.27@0.99@F@n@n|R@105.76@260828@1.65@1.19@F@n@n|A@111.12@n@2.67@n@n@n@n|B@117.95@n@3.96@n@n@n@n|D@125.48@n@5.39@n@n@n@n|C@137.67@n@7.7@n@n@n@n	False	1.03	XLK	10	2	1	64	2	8.92	61.1	3
SNPS	434.94	1	False	15.93	49	1	null	null	null	null	null	R@453.91@260713@1.19@0.82@F@n@n|R@464.98@260827@1.89@2.46@T@n@n|R@479.8@260623@2.82@0.95@F@n@n|R@502.28@260424@4.23@1.68@T@n@n|P@539.48@n@6.56@n@n@n@n|A@580.66@n@9.15@n@n@n@n|B@633.05@n@12.43@n@n@n@n|D@690.89@n@16.06@n@n@n@n|C@784.46@n@21.94@n@n@n@n	False	2.38	XLK	10	2	1	53	2	7.92	59.8	4
NVDA	228.38	1	False	5.96	34	1	null	null	null	null	null	R@230.47@260827@0.35@2.39@T@n@n|R@234.76@260904@1.07@1.05@F@n@n|A@247.91@n@3.28@n@n@n@n|B@262.37@n@5.71@n@n@n@n|D@278.34@n@8.39@n@n@n@n|C@304.17@n@12.73@n@n@n@n	False	1.08	XLK	10	2	1	54	2	5.05	71.6	4
TWLO	292.46	2	False	13.8	null	1	null	null	null	null	null	P@304.75@n@0.89@n@n@n@n|A@327.3@n@2.52@n@n@n@n|B@355.98@n@4.6@n@n@n@n|D@387.64@n@6.9@n@n@n@n|C@438.87@n@10.61@n@n@n@n	False	1.59	XLK	10	2	3	5	2	25.72	73.7	1
LITE	971.26	2	False	63.69	null	1	null	null	null	null	null	R@998.5@260615@0.43@0.9@F@n@n|R@1049.53@260603@1.23@0.96@F@n@n|R@1085.68@260512@1.8@1.27@T@n@n|A@1148.53@n@2.78@n@n@n@n|B@1228.48@n@4.04@n@n@n@n|D@1316.74@n@5.42@n@n@n@n|C@1459.54@n@7.67@n@n@n@n	False	0.87	XLK	10	2	1	45	2	11.68	71.6	4
TTAN	65.79	1	False	4.54	45	null	8.03	3.13	0.43	60.51	9	R@68.08@260421@0.5@1.17@F@TP1@0.43|R@82.3@260715@3.63@0.66@F@TP2@3.13|R@102.95@260828@8.18@1.19@F@TP3@7.04|A@106.95@n@9.06@n@n@n@7.8|B@112.03@n@10.18@n@n@n@8.76|D@117.64@n@11.41@n@n@n@9.82|C@126.72@n@13.41@n@n@n@11.54	True	0.47	XLK	10	1	2	78	2	-16.08	10.5	2
ONTO	307.82	2	False	15.35	25	null	6.41	2.33	0.1	288.1	2	R@309.7@260505@0.12@1.41@T@TP1@0.1|R@353.84@260817@3.0@1.01@F@TP2@2.33|R@386.46@260630@5.12@1.71@T@TP3@3.99|A@407.74@n@6.51@n@n@n@5.07|B@434.81@n@8.27@n@n@n@6.44|D@464.69@n@10.22@n@n@n@7.95|C@513.04@n@13.37@n@n@n@10.41	True	0.9	XLK	10	1	1	25	2	9.34	65.3	1
TMO	675.05	2	False	15.33	null	1	null	null	null	null	null	P@683.63@n@0.56@n@n@n@n|A@707.79@n@2.14@n@n@n@n|B@738.51@n@4.14@n@n@n@n|D@772.44@n@6.35@n@n@n@n|C@827.32@n@9.93@n@n@n@n	False	1.04	XLV	6	1	3	26	3	10.07	71.6	1
INTC	120.23	2	False	6.17	null	1	null	null	null	null	null	R@126.64@260529@1.04@1.35@T@n@n|R@132.75@260511@2.03@1.18@F@n@n|R@141.45@260622@3.44@0.96@F@n@n|A@154.32@n@5.52@n@n@n@n|B@169.55@n@7.99@n@n@n@n|D@186.37@n@10.72@n@n@n@n|C@213.57@n@15.12@n@n@n@n	False	0.88	XLK	10	2	2	17	2	20.06	70.5	1
MXL	90.31	2	False	6.52	null	1	null	null	null	null	null	R@94.55@260723@0.65@1.73@T@n@n|R@98.49@260714@1.26@0.56@F@n@n|R@104.27@260511@2.14@0.67@F@n@n|R@128.3@260630@5.83@1.5@T@n@n|A@144.76@n@8.36@n@n@n@n|B@165.71@n@11.57@n@n@n@n|D@188.83@n@15.12@n@n@n@n|C@226.24@n@20.86@n@n@n@n	False	0.69	XLK	10	3	2	13	2	25.0	74.1	3
FTNT	178.76	2	True	6.57	24	1	null	null	null	null	null	P@181.37@n@0.4@n@n@n@n|A@190.38@n@1.77@n@n@n@n|B@201.84@n@3.51@n@n@n@n|D@214.49@n@5.44@n@n@n@n|C@234.96@n@8.56@n@n@n@n	False	0.74	XLK	10	2	3	14	2	9.95	88.4	1
HPE	63.89	1	False	3.56	45	1	null	null	null	null	null	R@64.25@260602@0.1@4.68@T@n@n|P@67.1@n@0.9@n@n@n@n|A@70.39@n@1.83@n@n@n@n|B@74.57@n@3.0@n@n@n@n|D@79.18@n@4.3@n@n@n@n|C@86.65@n@6.4@n@n@n@n	False	1.2	XLK	10	1	3	56	2	16.24	76.8	1
MRNA	192.57	2	False	13.54	25	1	null	null	null	null	null	P@208.9@n@1.21@n@n@n@n|A@230.26@n@2.78@n@n@n@n|B@257.43@n@4.79@n@n@n@n|D@287.42@n@7.0@n@n@n@n|C@335.95@n@10.59@n@n@n@n	False	1.37	XLV	6	1	2	7	3	62.7	65.3	1
WBD	30.95	2	False	0.38	25	1	null	null	null	null	null	P@30.97@n@0.05@n@n@n@n|A@31.85@n@2.36@n@n@n@n|B@32.97@n@5.29@n@n@n@n|D@34.2@n@8.51@n@n@n@n|C@36.2@n@13.74@n@n@n@n	False	2.21	XLC	1	3	2	2	1	10.45	73.7	3
NTAP	210.08	2	False	7.79	43	1	null	null	null	null	null	P@216.81@n@0.86@n@n@n@n|A@231.99@n@2.81@n@n@n@n|B@251.3@n@5.29@n@n@n@n|D@272.62@n@8.03@n@n@n@n|C@307.11@n@12.45@n@n@n@n	False	1.22	XLK	10	1	1	19	2	10.49	76.8	1
ASX	44.46	2	False	1.72	null	1	null	null	null	null	null	R@44.47@260622@0.01@1.1@F@n@n|R@45.52@260702@0.62@1.31@T@n@n|A@48.22@n@2.18@n@n@n@n|B@51.36@n@4.01@n@n@n@n|D@54.82@n@6.02@n@n@n@n|C@60.43@n@9.27@n@n@n@n	False	0.91	XLK	10	2	3	9	2	14.78	84.6	1
CRWV	87.12	4	False	5.3	null	null	9.29	2.16	0.89	79.03	9	R@94.3@260804@1.35@1.25@T@TP1@0.89|R@104.59@260908@3.3@1.78@T@TP2@2.16|R@117.49@260813@5.73@1.57@T@TP3@3.75|R@122.0@260617@6.58@0.94@F@n@4.31|P@138.25@n@9.65@n@n@n@6.32|A@147.82@n@11.45@n@n@n@7.5|B@160.0@n@13.75@n@n@n@9.01|D@173.45@n@16.29@n@n@n@10.67|C@195.2@n@20.4@n@n@n@13.36	True	0.75	XLK	10	3	1	68	2	0.82	53.7	2
GME	24.65	2	False	0.89	48	1	null	null	null	null	null	R@26.02@260423@1.54@1.2@T@n@n|R@26.88@260501@2.5@2.61@T@n@n|A@28.07@n@3.83@n@n@n@n|B@29.58@n@5.53@n@n@n@n|D@31.25@n@7.4@n@n@n@n|C@33.95@n@10.43@n@n@n@n	False	1.39	XLY	2	2	2	1	3	20.81	81.5	1
TER	400.91	2	False	19.33	null	1	null	null	null	null	null	R@409.72@260804@0.46@1.1@F@n@n|R@420.6@260603@1.02@0.88@F@n@n|R@444.17@260817@2.24@0.87@F@n@n|R@487.91@260630@4.5@0.92@F@n@n|A@528.05@n@6.58@n@n@n@n|B@579.11@n@9.22@n@n@n@n|D@635.48@n@12.14@n@n@n@n|C@726.68@n@16.85@n@n@n@n	False	0.6	XLK	10	1	1	27	2	7.63	65.3	1
CRWD	264.75	2	True	11.88	43	1	null	null	null	null	null	P@268.95@n@0.35@n@n@n@n|A@292.81@n@2.36@n@n@n@n|B@323.15@n@4.91@n@n@n@n|D@356.66@n@7.73@n@n@n@n|C@410.86@n@12.29@n@n@n@n	False	0.77	XLK	10	2	3	28	2	22.28	73.5	1
SN	180.12	1	False	6.62	25	1	null	null	null	null	null	R@191.22@260811@1.68@1.01@F@n@n|R@194.54@260828@2.18@0.75@F@n@n|A@199.17@n@2.88@n@n@n@n|B@205.06@n@3.76@n@n@n@n|D@211.56@n@4.75@n@n@n@n|C@222.08@n@6.33@n@n@n@n	False	0.5	XLY	2	1	1	61	3	3.53	63.2	1
RXO	20.46	1	False	1.06	25	null	5.23	3.21	2.72	19.39	10	R@23.37@260508@2.75@1.59@T@TP1@2.72|R@23.9@260814@3.25@0.56@F@TP2@3.21|R@28.62@260701@7.71@0.62@F@TP3@7.63|R@29.86@260610@8.88@1.06@F@n@8.79|A@30.99@n@9.95@n@n@n@9.84|B@32.38@n@11.27@n@n@n@11.14|D@33.92@n@12.72@n@n@n@12.58|C@36.4@n@15.07@n@n@n@14.9	True	0.88	XLI	7	1	1	71	3	-4.53	42.1	2
ALAB	355.97	2	False	22.65	23	null	8.57	4.71	0.39	325.48	2	R@367.85@260804@0.52@2.2@T@TP1@0.39|R@499.48@260630@6.34@0.93@F@TP2@4.71|A@534.02@n@7.86@n@n@TP3@5.84|B@577.95@n@9.8@n@n@n@7.28|D@626.46@n@11.94@n@n@n@8.87|C@704.93@n@15.41@n@n@n@11.45	True	0.79	XLK	10	2	1	35	2	15.69	60.4	1
CNK	37.3	2	False	1.2	24	null	4.05	2.14	1.01	35.79	6	R@38.83@260824@1.28@1.13@F@TP1@1.01|A@40.53@n@2.7@n@n@TP2@2.14|B@42.39@n@4.26@n@n@TP3@3.37|D@44.44@n@5.97@n@n@n@4.73|C@47.76@n@8.75@n@n@n@6.93	True	0.74	XLY	2	1	1	12	3	3.24	63.2	1
STRC	99.35	2	False	0.81	29	1	null	null	null	null	null	R@99.55@260526@0.25@0.55@F@n@n|R@100.01@260511@0.81@1.35@T@n@n	False	1.37	XLK	10	2	1	32	2	4.18	73.7	3
SDGR	31.05	2	False	1.79	24	1	null	null	null	null	null	R@31.59@260922@0.3@1.3@T@n@n|A@36.21@n@2.88@n@n@n@n|B@40.99@n@5.54@n@n@n@n|D@46.27@n@8.48@n@n@n@n|C@54.81@n@13.24@n@n@n@n	False	1.69	XLV	6	2	2	3	3	50.02	76.8	4
WT	24.29	2	False	0.88	null	1	null	null	null	null	null	R@25.91@260903@1.84@1.24@T@n@n|A@26.58@n@2.61@n@n@n@n|B@27.42@n@3.56@n@n@n@n|D@28.36@n@4.63@n@n@n@n|C@29.87@n@6.35@n@n@n@n	False	0.83	XLF	5	1	2	36	3	6.98	68.4	4
A	172.31	2	False	4.85	37	1	null	null	null	null	null	P@177.05@n@0.98@n@n@n@n|A@186.79@n@2.99@n@n@n@n|B@199.17@n@5.54@n@n@n@n|D@212.85@n@8.36@n@n@n@n|C@234.97@n@12.93@n@n@n@n	False	1.04	XLV	6	1	3	6	3	13.88	76.8	1
MKSI	265.36	1	False	11.42	24	1	null	null	null	null	null	R@270.29@260911@0.43@0.96@F@n@n|R@294.05@260424@2.51@0.84@F@n@n|R@325.24@260817@5.24@0.77@F@n@n|R@341.81@260603@6.7@0.56@F@n@n|P@447.62@n@15.96@n@n@n@n|A@488.32@n@19.53@n@n@n@n|B@540.09@n@24.06@n@n@n@n|D@597.24@n@29.07@n@n@n@n|C@689.71@n@37.17@n@n@n@n	False	0.57	XLK	10	1	1	66	2	-4.78	28.8	2
ISRG	406.63	2	False	10.94	null	null	2.79	3.28	2.13	395.28	2	R@430.85@260609@2.21@0.92@F@TP1@2.13|R@443.84@260707@3.4@0.97@F@TP2@3.28|R@449.77@260520@3.94@0.77@F@TP3@3.8|R@491.15@260422@7.72@2.14@T@n@7.45|A@501.99@n@8.72@n@n@n@8.4|B@515.78@n@9.98@n@n@n@9.62|D@531.01@n@11.37@n@n@n@10.96|C@555.64@n@13.62@n@n@n@13.13	True	0.68	XLV	6	1	2	24	3	7.68	71.6	1
MU	1065.11	2	False	45.08	54	null	4.98	3.58	0.46	1012.1	3	R@1089.29@260603@0.54@0.73@F@TP1@0.46|R@1255.0@260625@4.21@1.47@T@TP2@3.58|A@1326.78@n@5.8@n@n@TP3@4.94|B@1418.09@n@7.83@n@n@n@6.66|D@1518.9@n@10.07@n@n@n@8.56|C@1681.99@n@13.68@n@n@n@11.64	True	1.25	XLK	10	2	2	15	2	11.93	76.2	1
ICHR	61.86	1	False	3.37	null	null	6.72	3.56	2.65	57.7	4	R@72.87@260424@3.27@1.08@F@TP1@2.65|R@76.66@260527@4.39@0.8@F@TP2@3.56|R@113.58@260701@15.34@1.96@T@TP3@12.43|A@127.49@n@19.46@n@n@n@15.78|B@145.18@n@24.71@n@n@n@20.03|D@164.72@n@30.5@n@n@n@24.73|C@196.32@n@39.88@n@n@n@32.32	True	1.56	XLK	10	1	1	59	2	-2.09	26.3	1
MGNI	25.26	2	False	1.11	24	1	null	null	null	null	null	R@25.36@260818@0.09@0.91@F@n@n|R@26.84@260917@1.42@3.09@T@n@n|A@28.04@n@2.5@n@n@n@n|B@29.56@n@3.86@n@n@n@n|D@31.24@n@5.37@n@n@n@n|C@33.96@n@7.81@n@n@n@n	False	1.02	XLC	1	1	1	42	1	9.37	57.9	4
AVPT	14.08	2	False	0.51	25	1	null	null	null	null	null	R@14.39@260827@0.61@1.42@T@n@n|A@14.83@n@1.48@n@n@n@n|B@15.38@n@2.56@n@n@n@n|D@16.0@n@3.79@n@n@n@n|C@16.99@n@5.74@n@n@n@n	False	1.61	XLK	10	1	1	18	2	6.54	60.0	3
AMAT	511.38	1	False	19.43	30	null	4.56	9.79	2.25	488.05	5	R@563.76@260813@2.7@1.71@T@TP1@2.25|R@739.67@260630@11.75@1.31@T@TP2@9.79|A@832.78@n@16.54@n@n@TP3@13.78|B@951.21@n@22.63@n@n@n@18.85|D@1081.97@n@29.36@n@n@n@24.46|C@1293.51@n@40.25@n@n@n@33.52	True	0.98	XLK	10	1	1	52	2	4.78	42.1	1
VVV	30.14	1	False	1.01	34	1	null	null	null	null	null	R@34.62@260820@4.45@0.98@F@n@n|R@37.12@260508@6.94@1.55@T@n@n|R@39.01@260615@8.82@1.23@T@n@n|R@40.26@260629@10.06@0.98@F@n@n|P@41.08@n@10.87@n@n@n@n|A@42.17@n@11.96@n@n@n@n|B@43.56@n@13.34@n@n@n@n|D@45.1@n@14.87@n@n@n@n|C@47.58@n@17.34@n@n@n@n	False	1.47	XLE	4	1	1	76	3	-8.62	26.3	2
PEB	18.76	2	False	0.49	null	1	null	null	null	null	null	R@18.79@260821@0.06@0.68@F@n@n|R@19.6@260617@1.72@2.4@T@n@n|R@19.93@260722@2.4@0.81@F@n@n|A@20.55@n@3.67@n@n@n@n|B@21.35@n@5.31@n@n@n@n|D@22.22@n@7.09@n@n@n@n|C@23.64@n@10.0@n@n@n@n	False	0.94	XLRE	9	1	1	41	3	1.89	57.9	4
MRVL	264.21	2	True	13.12	43	null	7.65	2.97	1.77	244.0	7	R@300.0@260630@2.73@0.52@F@TP1@1.77|R@324.2@260603@4.57@3.02@T@TP2@2.97|A@353.24@n@6.79@n@n@TP3@4.41|B@382.95@n@9.05@n@n@n@5.88|D@415.76@n@11.55@n@n@n@7.5|C@468.83@n@15.6@n@n@n@10.12	True	0.66	XLK	10	1	3	11	2	17.78	90.5	1
UMC	24.49	2	False	0.93	null	null	5.59	3.26	0.96	23.12	3	R@25.8@260715@1.4@0.86@F@TP1@0.96|R@28.96@260625@4.79@1.07@F@TP2@3.26|A@31.75@n@7.77@n@n@TP3@5.3|B@35.3@n@11.57@n@n@n@7.89|D@39.22@n@15.77@n@n@n@10.75|C@45.56@n@22.56@n@n@n@15.38	True	0.62	XLK	10	2	2	10	2	18.09	72.4	4
UCTT	81.06	1	False	4.47	null	1	null	null	null	null	null	R@84.43@260424@0.75@1.47@T@n@n|R@88.5@260518@1.66@1.17@F@n@n|R@94.92@260813@3.1@0.74@F@n@n|R@98.68@260804@3.94@2.11@T@n@n|P@144.22@n@14.13@n@n@n@n|A@154.61@n@16.45@n@n@n@n|B@167.83@n@19.41@n@n@n@n|D@182.42@n@22.67@n@n@n@n|C@206.03@n@27.95@n@n@n@n	False	1.98	XLK	10	1	1	62	2	3.78	31.6	1
YOU	41.95	1	False	1.71	25	null	10.89	3.47	0.84	37.38	8	R@45.77@260826@2.23@0.86@F@TP1@0.84|R@57.79@260720@9.25@0.77@F@TP2@3.47|R@58.81@260707@9.84@0.93@F@TP3@3.69|R@61.68@260507@11.52@1.95@T@n@4.32|P@69.07@n@15.83@n@n@n@5.93|A@73.92@n@18.66@n@n@n@7.0|B@80.09@n@22.27@n@n@n@8.35|D@86.9@n@26.24@n@n@n@9.84|C@97.92@n@32.67@n@n@n@12.25	True	1.07	XLK	10	1	1	74	2	-8.59	28.8	2
VEEV	285.45	1	False	8.95	39	1	null	null	null	null	null	R@296.24@260827@1.21@3.26@T@n@n|A@311.83@n@2.95@n@n@n@n|B@331.66@n@5.17@n@n@n@n|D@353.55@n@7.61@n@n@n@n|C@388.97@n@11.57@n@n@n@n	False	1.15	XLV	6	2	1	57	3	15.61	73.7	1
PLTR	187.05	2	False	6.33	null	1	null	null	null	null	null	R@188.37@260828@0.21@0.53@F@n@n|P@194.68@n@1.2@n@n@n@n|A@202.88@n@2.5@n@n@n@n|B@213.3@n@4.14@n@n@n@n|D@224.81@n@5.96@n@n@n@n|C@243.43@n@8.9@n@n@n@n	False	0.7	XLK	10	2	1	44	2	11.9	73.7	4
STX	922.34	2	False	47.9	null	1	null	null	null	null	null	R@925.44@260908@0.06@1.41@T@n@n|R@966.8@260603@0.93@0.79@F@n@n|R@1013.99@260817@1.91@0.79@F@n@n|R@1145.0@260618@4.65@2.24@T@n@n|A@1238.33@n@6.6@n@n@n@n|B@1357.04@n@9.07@n@n@n@n|D@1488.11@n@11.81@n@n@n@n|C@1700.15@n@16.24@n@n@n@n	False	0.82	XLK	10	3	1	48	2	7.84	68.4	4
LRCX	328.51	2	False	14.01	null	null	7.13	4.69	0.72	305.08	5	R@345.28@260817@1.2@0.8@F@TP1@0.72|R@438.5@260630@7.85@1.24@T@TP2@4.69|A@459.47@n@9.35@n@n@TP3@5.59|B@486.14@n@11.25@n@n@n@6.73|D@515.59@n@13.36@n@n@n@7.98|C@563.23@n@16.76@n@n@n@10.02	True	0.82	XLK	10	1	1	38	2	7.68	61.1	3
DDOG	273.85	2	False	12.44	25	1	null	null	null	null	null	R@276.7@260715@0.23@0.7@F@n@n|R@292.72@260805@1.52@1.32@T@n@n|A@307.69@n@2.72@n@n@n@n|B@326.74@n@4.25@n@n@n@n|D@347.77@n@5.94@n@n@n@n|C@381.79@n@8.68@n@n@n@n	False	0.76	XLK	10	1	3	31	2	12.51	68.4	1
COHU	68.14	2	False	3.53	null	1	null	null	null	null	null	R@70.92@260622@0.79@0.53@F@n@n|R@74.6@260630@1.83@0.87@F@n@n|A@81.46@n@3.77@n@n@n@n|B@90.19@n@6.24@n@n@n@n|D@99.82@n@8.96@n@n@n@n|C@115.41@n@13.38@n@n@n@n	False	1.16	XLK	10	1	3	4	2	26.41	84.2	1
PBF	76.96	1	False	4.48	null	1	null	null	null	null	null	R@78.48@260921@0.34@1.17@F@n@n|R@82.61@260911@1.26@1.13@F@n@n|A@87.69@n@2.39@n@n@n@n|B@94.14@n@3.83@n@n@n@n|D@101.27@n@5.42@n@n@n@n|C@112.8@n@8.0@n@n@n@n	False	0.81	XLE	4	1	2	67	3	8.48	60.4	4
NTNX	70.41	2	False	2.06	38	1	null	null	null	null	null	R@71.08@260922@0.33@0.89@F@n@n|R@74.42@260827@1.95@2.8@T@n@n|A@80.43@n@4.87@n@n@n@n|B@88.08@n@8.59@n@n@n@n|D@96.53@n@12.7@n@n@n@n|C@110.19@n@19.34@n@n@n@n	False	0.97	XLK	10	3	1	33	2	7.98	63.2	4
AMD	611.76	2	False	24.24	23	1	null	null	null	null	null	P@639.0@n@1.12@n@n@n@n|A@692.99@n@3.35@n@n@n@n|B@761.67@n@6.18@n@n@n@n|D@837.5@n@9.31@n@n@n@n|C@960.17@n@14.37@n@n@n@n	False	0.76	XLK	10	2	2	21	2	19.86	79.4	1
