# DICT rs_leadership: 1=IN-LINE; 2=LAGGARD; 3=LEADER
# DICT sector_trend_state: 1=Declining — Avoid; 2=Momentum Building — Add; 3=Momentum Fading — Hold, Don't Add; 4=Recovering From Weakness — Watch for Entry
# DICT source: 1=elder_list; 2=longlist; 3=qs; 4=radar-premove
# DICT structure_shift: 1=ABOVE_STRUCTURE; 2=BEARISH_CHOCH; 3=BULLISH_BOS; 4=RANGE
ticker	entry	source	held	atr_14d	days_to_earnings	bracket.price	bracket.risk_pct	bracket.stop	bracket.valid	day_vol	gics_sector	lens.coil	lens.sector	lens.structure	ma_200	ma_50	rank	rs_leadership	rvol_20d	sc_momentum	sector_trend_state	sma_distance_pct	structure	structure_shift
FERG	223.87	1	False	5.83	26	223.87	null	null	False	0.95	XLI	strong	ok	warn	237.85	232.32	91	1	0.96	45.4	4	-3.64	30.5	2
DAL	84.87	1	False	2.4	null	84.87	4.95	80.67	True	0.78	XLI	ok	ok	ok	75.6	84.05	47	1	0.78	63.7	4	0.97	54.7	4
KR	60.79	1	False	1.53	46	60.79	null	null	False	1.26	XLP	warn	ok	--	63.57	58.05	76	3	1.24	53.9	4	4.72	70.5	null
ISRG	412.18	2	False	11.27	null	412.18	3.56	397.52	True	0.77	XLV	warn	strong	ok	449.46	376.5	26	3	0.77	69.0	2	9.48	73.7	1
PEB	18.71	1	False	0.5	null	18.71	null	null	False	0.82	XLRE	strong	ok	ok	15.13	18.43	51	3	0.84	62.1	4	1.51	54.7	4
TJX	133.8	1	False	3.04	35	133.8	3.49	129.13	True	1.29	XLY	strong	ok	warn	152.91	142.31	73	1	1.29	54.3	4	-5.98	42.1	2
PM	193.9	1	False	4.35	null	193.9	3.05	187.98	True	0.81	XLP	strong	ok	ok	177.39	190.12	53	3	0.82	61.6	4	1.99	55.8	4
GEV	962.49	1	False	35.07	null	962.49	null	null	False	0.64	XLU	strong	ok	ok	913.15	968.41	77	3	0.67	53.6	4	-0.61	47.4	4
SHO	11.3	1	False	0.2	27	11.3	2.21	11.05	True	0.64	XLRE	strong	ok	strong	10.24	11.23	63	3	0.67	58.1	4	0.61	56.8	3
TEAM	175.96	3	False	9.31	null	175.96	8.52	160.96	True	1.32	XLK	strong	strong	ok	111.99	157.6	78	2	null	53.6	3	11.65	55.8	4
AMGN	423.64	1	False	10.43	24	423.64	3.95	406.92	True	1.06	XLV	warn	strong	ok	363.19	406.92	55	1	1.05	60.8	2	4.11	65.3	4
AME	250.78	2	False	5.06	null	250.78	2.56	244.37	True	0.79	XLI	warn	ok	ok	229.57	243.18	44	3	0.82	65.8	4	3.12	67.4	1
MSFT	508.96	2	False	11.88	null	508.96	null	null	False	0.95	XLK	strong	strong	ok	432.3	480.25	37	1	0.97	66.9	3	5.98	74.7	4
APLE	16.27	1	False	0.31	26	16.27	2.34	15.89	True	0.67	XLRE	ok	ok	ok	14.08	16.13	64	3	0.68	57.7	4	0.9	51.6	1
CNK	38.24	2	False	1.19	25	38.24	null	null	False	0.81	XLY	ok	ok	ok	29.6	36.01	10	3	0.81	73.4	4	6.19	71.6	1
VVV	29.65	1	False	0.99	35	29.65	11.6	26.21	True	1.26	XLE	warn	ok	warn	34.25	33.17	98	1	1.22	34.8	4	-10.61	26.3	2
TER	403.02	2	False	19.95	null	403.02	null	null	False	0.93	XLK	ok	strong	ok	331.69	371.96	24	3	0.93	69.1	3	8.35	63.2	1
MAR	361.62	1	False	7.48	null	361.62	2.51	352.55	True	0.85	XLY	warn	ok	ok	348.55	352.55	50	3	0.85	62.7	4	2.57	49.5	4
SHW	330.44	1	False	7.93	null	330.44	null	null	False	1.29	XLB	strong	ok	ok	333.36	338.71	94	1	1.29	41.6	4	-2.44	36.8	4
SAP	210.85	3	False	5.31	null	210.85	null	null	False	1.09	XLK	strong	strong	ok	194.02	202.92	85	1	null	49.2	3	3.91	64.6	4
INTC	115.93	2	False	6.29	null	115.93	6.5	108.4	True	0.8	XLK	warn	strong	ok	79.96	99.85	42	3	0.8	66.2	3	16.1	52.6	1
BE	291.25	2	False	21.31	null	291.25	null	null	False	1.4	XLI	ok	ok	strong	204.67	232.52	43	3	1.34	66.1	4	25.26	66.1	3
GRND	16.12	1	False	0.53	26	16.12	3.47	15.56	True	1.02	XLK	strong	strong	ok	13.55	15.87	67	3	1.02	56.6	3	1.56	62.1	4
MCHP	78.78	1	False	2.78	26	78.78	6.28	73.83	True	0.89	XLK	ok	strong	ok	78.72	76.04	49	1	0.89	62.9	3	3.61	56.8	1
VIA	29.25	2	False	1.33	32	29.25	null	null	False	0.59	XLK	ok	strong	strong	20.6	25.14	16	3	0.6	70.0	3	16.34	76.8	3
TMO	679.61	2	False	15.59	null	679.61	null	null	False	0.79	XLV	warn	strong	ok	541.33	610.25	19	3	0.78	69.7	2	11.37	73.7	1
CRWV	85.93	4	False	5.42	null	85.93	8.03	79.03	True	0.88	XLK	strong	strong	warn	92.14	86.26	90	3	null	46.1	3	-0.38	42.1	2
M	23.27	1	False	0.83	45	23.27	null	null	False	0.95	XLY	strong	ok	ok	21.6	23.27	61	1	0.94	58.4	4	0.01	40.8	4
IR	76.48	1	False	2.02	null	76.48	3.1	74.11	True	1.04	XLI	strong	ok	warn	81.67	79.65	96	1	1.03	40.3	4	-3.98	33.7	2
NVS	145.71	1	False	3.07	null	145.71	2.37	142.26	True	0.57	XLV	warn	strong	warn	150.61	151.29	95	1	0.57	41.0	2	-3.69	38.9	2
ASX	45.31	2	False	1.77	null	45.31	null	null	False	1.23	XLK	warn	strong	ok	30.23	38.65	9	3	1.2	73.8	3	17.24	80.8	1
VLTO	96.65	1	False	1.71	null	96.65	null	null	False	0.87	XLI	strong	ok	ok	93.06	96.34	75	1	0.9	53.9	4	0.32	54.7	4
LITE	973.49	1	False	63.27	null	973.49	null	null	False	1.35	XLK	strong	strong	ok	735.07	866.99	62	3	1.31	58.1	3	12.28	71.6	4
ALGM	36.6	1	False	1.8	null	36.6	7.05	34.02	True	1.03	XLK	strong	strong	warn	40.12	39.24	60	2	1.02	58.5	3	-6.73	38.9	2
WT	24.27	2	False	0.91	null	24.27	null	null	False	0.77	XLF	ok	ok	ok	17.96	22.63	33	1	0.78	67.6	4	7.23	64.2	4
AVPT	13.57	1	False	0.49	26	13.57	null	null	False	1.09	XLK	strong	strong	ok	11.7	13.19	80	3	1.07	52.7	3	2.85	48.4	4
SHOP	148.26	1	False	6.95	null	148.26	6.35	138.84	True	0.81	XLK	ok	strong	ok	129.75	138.84	46	1	0.8	64.2	3	6.79	62.9	4
LRCX	323.86	2	False	14.44	null	323.86	5.84	304.95	True	0.81	XLK	ok	strong	strong	272.45	304.95	38	3	0.81	66.8	3	6.2	57.9	3
BIRK	33.04	1	False	1.26	null	33.04	5.81	31.12	True	1.24	XLY	ok	ok	warn	39.31	35.79	87	2	1.27	48.0	4	-7.68	38.9	2
ALAB	357.84	2	False	22.88	24	357.84	9.49	323.88	True	0.65	XLK	warn	strong	ok	238.1	306.96	36	1	0.64	67.0	3	16.58	57.9	1
KLAC	196.53	1	False	7.93	null	196.53	4.24	188.2	True	0.79	XLK	ok	strong	ok	176.63	188.2	54	3	0.79	61.3	3	4.43	38.9	1
ORLY	86.07	1	False	1.84	null	86.07	3.76	82.83	True	0.56	XLY	strong	ok	warn	91.09	88.49	97	3	0.57	38.4	4	-2.73	33.7	2
PFE	28.72	2	False	0.5	null	28.72	null	null	False	0.99	XLV	ok	strong	ok	26.37	27.14	20	3	1.01	69.6	2	5.84	71.6	4
CCL	25.11	1	False	0.94	57	25.11	6.61	23.45	True	3.21	XLY	ok	ok	warn	27.52	25.31	57	3	2.94	60.6	4	-0.81	42.1	2
VEEV	278.57	1	False	8.66	40	278.57	3.14	269.83	True	0.68	XLV	ok	strong	ok	200.39	244.99	66	1	0.72	56.6	2	13.71	70.5	1
NTRA	414.52	2	True	12.95	26	414.52	null	null	False	1.34	XLV	warn	strong	ok	246.35	322.35	5	3	1.31	74.7	2	28.59	84.2	1
LLY	1184.63	1	False	31.2	null	1184.63	2.69	1152.71	True	0.71	XLV	strong	strong	ok	1072.06	1178.28	74	3	0.74	53.9	2	0.54	50.5	4
ONTO	304.69	1	False	15.52	26	304.69	5.55	287.77	True	0.77	XLK	ok	strong	ok	251.22	281.35	65	3	0.78	57.5	3	8.3	52.6	1
DHR	226.11	2	False	5.67	null	226.11	null	null	False	0.88	XLV	warn	strong	ok	201.8	206.86	15	3	0.88	71.0	2	9.31	73.7	1
META	738.79	2	False	27.81	null	738.79	null	null	False	0.99	XLC	warn	warn	ok	627.21	619.0	21	3	0.97	69.6	1	19.35	80.0	1
ARM	293.67	2	False	19.68	25	293.67	7.09	272.84	True	1.08	XLK	warn	strong	ok	213.3	265.12	25	2	1.04	69.1	3	10.77	54.5	1
LIN	473.37	1	False	7.52	null	473.37	4.05	454.19	True	0.95	XLB	ok	ok	warn	485.29	482.48	89	3	0.96	46.8	4	-1.89	40.0	2
PK	15.57	1	False	0.4	25	15.57	3.6	15.01	True	1.04	XLRE	strong	ok	ok	12.65	15.21	70	3	1.06	55.2	4	2.35	56.8	4
TREX	44.06	1	False	1.55	null	44.06	null	null	False	0.96	XLI	strong	ok	ok	41.96	45.45	99	2	0.95	31.7	4	-3.06	35.8	4
RVMD	204.48	1	False	7.61	25	204.48	null	null	False	0.83	XLV	ok	strong	ok	144.02	201.13	92	1	0.85	44.0	2	1.66	51.6	4
ADI	398.22	2	False	11.09	39	398.22	null	null	False	0.73	XLK	--	strong	ok	357.66	374.1	8	3	0.73	74.1	3	6.45	77.9	1
JCI	149.42	2	False	3.51	25	149.42	null	null	False	0.66	XLI	ok	ok	strong	137.1	145.4	34	3	0.67	67.4	4	2.76	70.5	3
MRVL	263.27	2	True	13.45	44	263.27	7.32	244.0	True	0.92	XLK	warn	strong	ok	164.18	223.2	17	3	0.93	69.7	3	17.95	84.0	1
STX	913.45	2	False	49.9	null	913.45	null	null	False	0.67	XLK	ok	strong	ok	641.53	854.64	39	3	0.68	66.7	3	6.88	65.7	4
CAT	826.64	1	False	21.94	25	826.64	3.1	801.0	True	0.87	XLI	strong	ok	warn	791.75	827.27	59	1	0.89	58.6	4	-0.08	43.2	2
SN	182.44	1	False	6.74	26	182.44	null	null	False	0.4	XLY	strong	ok	ok	133.93	173.34	79	3	0.42	53.3	4	5.25	64.2	1
MXL	92.72	2	False	6.51	null	92.72	null	null	False	1.0	XLK	--	strong	ok	52.44	72.16	27	3	0.99	68.4	3	28.49	63.6	1
MRNA	203.46	2	False	13.13	26	203.46	null	null	False	0.85	XLV	ok	strong	ok	65.97	115.7	6	3	0.87	74.7	2	75.85	74.7	1
WRBY	27.47	2	False	1.72	26	27.47	null	null	False	1.61	XLV	--	strong	ok	25.22	25.46	32	3	1.54	67.6	2	7.87	49.5	1
GLW	158.71	1	False	8.19	null	158.71	null	null	False	0.87	XLK	strong	strong	warn	149.48	152.83	69	1	0.88	55.5	3	3.85	57.7	2
PYPL	53.89	1	False	1.68	null	53.89	3.66	51.92	True	0.61	XLF	strong	ok	warn	50.38	56.69	93	2	0.64	42.8	4	-4.93	47.4	2
MU	1065.08	2	False	46.92	null	1065.08	5.59	1005.52	True	0.74	XLK	warn	strong	ok	669.11	949.71	18	3	0.75	69.7	3	12.15	75.6	1
TWLO	290.78	2	False	14.18	null	290.78	null	null	False	1.17	XLK	--	strong	ok	173.67	230.71	1	3	1.15	78.3	3	26.04	73.7	1
DBRG	16.0	1	False	0.03	null	16.0	null	null	False	0.84	XLF	ok	ok	strong	15.53	15.92	83	3	0.82	50.7	4	0.53	67.4	3
TEVA	39.81	2	False	1.25	null	39.81	null	null	False	1.29	XLV	warn	strong	ok	33.54	36.41	28	3	1.28	68.2	2	9.33	77.9	4
MKSI	266.02	1	False	11.7	25	266.02	null	null	False	0.61	XLK	strong	strong	warn	270.38	280.3	81	1	0.62	52.6	3	-5.09	28.8	2
NTAP	209.18	2	False	7.8	44	209.18	null	null	False	0.99	XLK	ok	strong	ok	137.25	189.24	11	3	1.0	72.4	3	10.54	84.2	1
COHU	65.97	2	False	3.61	null	65.97	null	null	False	0.65	XLK	--	strong	ok	43.11	53.67	7	3	0.66	74.3	3	22.93	76.8	1
TSM	456.94	2	False	10.75	null	456.94	3.26	442.04	True	1.01	XLK	warn	strong	ok	384.65	422.36	23	3	0.99	69.2	3	8.19	76.8	1
TXN	281.69	1	False	7.98	null	281.69	3.85	270.85	True	0.82	XLK	warn	strong	ok	247.23	270.85	52	3	0.83	61.9	3	4.0	54.7	1
RXO	20.71	1	False	1.07	26	20.71	6.04	19.46	True	1.04	XLI	strong	ok	warn	19.46	21.61	82	1	1.04	52.4	4	-4.16	42.1	2
GME	23.76	2	False	0.87	49	23.76	5.26	22.51	True	0.79	XLY	warn	ok	ok	22.22	20.35	4	3	0.8	75.5	4	16.77	70.3	1
PG	148.32	1	False	2.37	null	148.32	null	null	False	0.94	XLP	strong	ok	ok	147.62	145.94	71	3	0.96	55.0	4	1.63	54.7	4
PLTR	186.97	2	False	6.51	null	186.97	null	null	False	0.52	XLK	ok	strong	ok	152.05	166.07	29	1	0.53	68.2	3	12.58	73.7	4
SDGR	30.33	2	False	1.76	25	30.33	null	null	False	0.83	XLV	warn	strong	ok	15.78	20.38	2	3	0.8	76.6	2	48.83	76.8	4
P	130.05	2	False	6.8	44	130.05	null	null	False	0.61	XLI	ok	ok	ok	77.67	98.43	30	3	0.6	67.9	4	32.13	74.7	1
RAL	69.98	2	False	2.16	25	69.98	null	null	False	0.46	XLI	--	ok	ok	56.43	67.03	35	3	0.46	67.3	4	4.4	68.4	4
STM	53.24	1	False	1.75	null	53.24	4.3	50.95	True	1.04	XLK	ok	strong	strong	47.48	52.22	58	1	1.03	60.4	3	1.95	47.4	3
UCTT	80.46	1	False	4.59	null	80.46	null	null	False	1.09	XLK	strong	strong	ok	71.0	78.59	72	3	1.1	54.6	3	2.38	31.6	1
KSS	18.32	1	False	0.93	39	18.32	null	null	False	0.77	XLY	warn	ok	ok	16.97	18.29	68	2	0.8	56.2	4	0.16	45.3	4
AMD	607.57	2	False	24.95	24	607.57	null	null	False	0.74	XLK	warn	strong	ok	368.62	509.04	22	3	0.73	69.2	3	19.36	73.7	1
AMAT	512.01	1	False	20.26	31	512.01	4.47	489.11	True	1.12	XLK	ok	strong	ok	423.7	489.11	48	3	1.11	62.9	3	4.68	42.1	1
APH	84.34	1	False	2.81	null	84.34	null	null	False	0.74	XLK	ok	strong	ok	73.85	80.74	56	1	0.77	60.8	3	4.46	66.3	4
A	175.03	2	False	4.93	38	175.03	null	null	False	0.75	XLV	warn	strong	ok	132.41	150.52	14	3	0.77	71.2	2	16.29	78.9	1
WBD	30.85	2	False	0.4	26	30.85	null	null	False	0.99	XLC	--	warn	ok	27.66	27.92	3	1	0.97	76.0	1	10.5	73.7	4
VSXY	89.23	1	False	4.07	47	89.23	4.58	85.14	True	0.54	XLY	warn	ok	ok	65.9	85.14	88	3	0.55	47.7	4	4.81	38.9	4
RBRK	114.77	2	False	5.71	46	114.77	null	null	False	0.6	XLK	warn	strong	ok	71.36	93.66	45	3	0.63	65.6	3	22.55	70.3	1
HLT	323.44	2	False	6.55	null	323.44	null	null	False	0.82	XLY	ok	ok	warn	315.55	317.92	41	3	0.84	66.3	4	1.74	49.5	2
COST	924.59	1	False	15.71	51	924.59	1.88	907.21	True	1.01	XLP	ok	ok	warn	960.84	933.86	84	1	1.01	50.0	4	-0.99	38.9	2
FTNT	175.96	2	True	6.63	25	175.96	null	null	False	0.57	XLK	warn	strong	strong	117.11	162.17	40	3	0.59	66.3	3	8.5	76.8	3
OKTA	204.88	2	False	9.99	44	204.88	null	null	False	0.7	XLK	warn	strong	ok	110.31	160.38	31	3	0.71	67.7	3	27.75	61.1	1
TEM	82.58	2	False	4.93	null	82.58	null	null	False	0.9	XLV	warn	strong	ok	56.34	60.71	12	3	0.91	71.4	2	36.03	66.7	1
UMC	24.72	2	False	0.98	null	24.72	7.28	22.92	True	0.96	XLK	warn	strong	ok	15.55	20.67	13	3	0.95	71.2	3	19.58	66.1	4
ICHR	59.76	1	False	3.42	null	59.76	7.13	55.5	True	0.96	XLK	strong	strong	strong	57.49	63.86	86	3	0.97	48.4	3	-6.42	26.3	3
