# DICT bracket.targets fields (in order): type,price,atr_dist,date,vol_ratio,vol_validated,tp,r; type codes: {'resistance': 'R', 'support': 'S', 'prior_high': 'P', 'fib_1272': 'A', 'fib_1618': 'B', 'fib_2618': 'C', 'fib_2000': 'D'}
# DICT source: 1=elder_list; 2=longlist
ticker	entry	source	held	atr_14d	days_to_earnings	bar_high	bar_low	bar_open	bar_range_5d	base_low_20d	bracket.targets	cci_20	days_since_swing_high	fib_swing_low	ma_20	ma_20_slope_5d_pct	ma_40	pct_run_10d	prior_bar_high	prior_bar_low	ret_63d
AIG	75.11	1	False	1.42	null	76.4	74.82	75.16	[1.28, 1.25, 1.22, 0.97, 1.58]	72.63	R@77.49@1.67@260903@1.69@T@n@n|R@78.92@2.68@260521@0.77@F@n@n|R@79.77@3.27@260501@2.05@T@n@n|R@80.94@4.09@260717@1.48@T@n@n|P@82.45@5.15@n@n@n@n@n|A@84.67@6.71@n@n@n@n@n|B@87.51@8.71@n@n@n@n@n|D@90.63@10.9@n@n@n@n@n|C@95.69@14.45@n@n@n@n@n	51.69	24	74.27	75.1	-0.32	75.7	-0.09	75.5	74.53	-5.66
COST	935.68	1	False	15.49	46	937.04	919.0	921.32	[15.26, 19.72, 11.52, 10.59, 18.04]	883.1	R@964.33@1.85@260717@0.88@F@n@n|R@978.7@2.78@260819@0.92@F@n@n|R@987.55@3.35@260728@1.15@F@n@n|R@995.38@3.85@260616@0.61@F@n@n|P@1096.5@10.38@n@n@n@n@n|A@1126.79@12.34@n@n@n@n@n|B@1165.31@14.83@n@n@n@n@n|D@1207.85@17.57@n@n@n@n@n|C@1276.66@22.02@n@n@n@n@n	157.19	7	985.15	909.37	-0.08	927.22	4.03	925.34	914.75	-1.83
LW	47.91	1	False	1.93	52	50.19	46.78	47.03	[2.01, 1.18, 3.15, 2.61, 3.41]	40.66	R@55.69@4.04@260729@0.76@F@TP1@3.57|A@56.93@4.68@n@n@n@TP2@4.14|B@58.49@5.49@n@n@n@TP3@4.85|D@60.21@6.39@n@n@n@n@5.64|C@63.0@7.83@n@n@n@n@6.92	88.25	29	51.19	45.57	-3.78	49.35	3.34	45.6	42.99	3.88
NCLH	15.51	1	False	0.61	null	15.74	15.05	15.05	[0.52, 0.44, 0.59, 0.43, 0.69]	13.63	R@19.12@5.91@260501@1.6@T@TP1@3.88|R@20.26@7.77@260715@0.71@F@TP2@5.11|R@21.27@9.43@260728@1.64@T@TP3@6.19|R@21.95@10.54@260629@1.2@T@n@6.92|A@22.82@11.96@n@n@n@n@7.86|B@23.58@13.21@n@n@n@n@8.68|D@24.42@14.58@n@n@n@n@9.58|C@25.78@16.81@n@n@n@n@11.04	205.11	14	20.02	14.58	-0.93	15.84	9.07	15.26	14.83	-16.03
REYN	22.32	1	False	0.53	null	22.56	22.22	22.39	[0.56, 0.56, 0.57, 0.37, 0.34]	21.27	R@22.36@0.08@260527@0.71@F@n@n|R@22.8@0.91@260923@0.84@F@n@n|R@26.48@7.92@260728@1.44@T@n@n|R@26.94@8.8@260806@1.39@T@n@n|P@27.32@9.52@n@n@n@n@n|A@29.04@12.8@n@n@n@n@n|B@31.23@16.97@n@n@n@n@n|D@33.64@21.56@n@n@n@n@n|C@37.55@29.01@n@n@n@n@n	94.86	10	21.0	22.0	-0.07	23.25	0.68	22.4	22.03	-13.12
GEV	1029.21	1	False	37.84	null	1052.78	995.05	1001.35	[24.57, 61.78, 45.47, 22.73, 57.73]	868.25	R@1046.93@0.47@260804@0.76@F@n@n|R@1095.0@1.74@260526@0.79@F@n@n|R@1125.43@2.54@260506@0.87@F@n@n|R@1181.95@4.04@260423@1.32@T@n@n|A@1288.4@6.85@n@n@n@n@n|B@1406.02@9.96@n@n@n@n@n|D@1535.87@13.39@n@n@n@n@n|C@1745.95@18.94@n@n@n@n@n	229.71	14	856.01	949.96	1.44	960.48	8.31	996.43	973.7	-3.9
NTSK	19.64	2	False	1.01	47	20.39	18.78	18.83	[0.66, 1.32, 0.82, 0.91, 1.61]	14.08	P@20.39@0.74@n@n@n@n@n|A@22.36@2.68@n@n@n@n@n|B@24.87@5.15@n@n@n@n@n|D@27.64@7.88@n@n@n@n@n|C@32.12@12.3@n@n@n@n@n	162.14	10	13.14	17.43	6.3	16.07	5.88	18.49	17.58	64.77
ADI	420.55	2	False	10.78	34	422.67	417.19	421.08	[6.42, 12.27, 7.7, 9.69, 5.48]	356.12	R@435.72@1.41@260513@0.99@F@n@n|R@445.91@2.35@260622@0.83@F@n@n|A@462.93@3.93@n@n@n@n@n|B@484.59@5.94@n@n@n@n@n|D@508.5@8.16@n@n@n@n@n|C@547.18@11.74@n@n@n@n@n	146.87	18	383.32	385.72	3.57	378.64	7.73	419.34	409.65	9.12
CIEN	443.65	2	False	24.03	46	446.37	392.0	393.58	[19.46, 30.32, 18.93, 14.97, 54.37]	318.43	R@462.69@0.79@260813@1.33@T@n@n|R@485.69@1.75@260709@0.63@F@n@n|R@598.84@6.46@260513@0.62@F@n@n|R@637.51@8.07@260603@1.23@T@n@n|A@675.18@9.63@n@n@n@n@n|B@723.1@11.63@n@n@n@n@n|D@776.01@13.83@n@n@n@n@n|C@861.6@17.39@n@n@n@n@n	284.83	11	499.01	358.51	3.78	372.97	20.37	397.47	382.5	0.61
TSM	482.3	2	False	10.45	null	486.0	481.48	484.23	[6.97, 6.96, 10.69, 11.07, 4.52]	412.55	P@487.47@0.49@n@n@n@n@n|A@507.85@2.45@n@n@n@n@n|B@533.77@4.93@n@n@n@n@n|D@562.39@7.67@n@n@n@n@n|C@608.69@12.1@n@n@n@n@n	163.81	21	412.55	446.13	2.79	433.55	6.7	487.47	476.4	10.37
CGNX	66.35	2	False	2.16	null	66.61	64.4	64.86	[1.35, 1.88, 2.13, 1.81, 2.21]	57.1	R@67.33@0.45@260817@0.85@F@n@n|R@69.0@1.23@260527@0.86@F@n@n|R@71.9@2.57@260507@3.45@T@n@n|A@75.63@4.29@n@n@n@n@n|B@79.13@5.91@n@n@n@n@n|D@83.0@7.7@n@n@n@n@n|C@89.25@10.59@n@n@n@n@n	176.04	11	62.76	61.09	1.1	61.33	12.51	65.68	63.87	3.49
VLO	419.22	2	False	15.53	null	422.99	413.43	416.25	[13.12, 23.88, 20.8, 17.77, 9.56]	364.96	P@422.99@0.24@n@n@n@n@n|A@438.77@1.26@n@n@n@n@n|B@458.85@2.55@n@n@n@n@n|D@481.02@3.98@n@n@n@n@n|C@516.88@6.29@n@n@n@n@n	159.34	12	364.96	395.42	2.44	373.14	11.16	421.98	404.21	48.2
U	44.95	1	False	2.08	null	45.88	44.45	45.88	[2.44, 2.67, 1.95, 2.77, 1.43]	38.44	R@48.46@1.69@260820@0.95@F@TP1@1.5|A@54.07@4.38@n@n@n@TP2@3.9|B@61.21@7.81@n@n@n@TP3@6.95|D@69.09@11.59@n@n@n@n@10.32|C@81.84@17.72@n@n@n@n@15.76	146.41	10	27.83	42.61	1.26	43.45	4.27	46.34	43.57	52.58
LION	11.35	1	False	0.41	21	11.47	11.24	11.33	[0.28, 0.48, 0.4, 0.29, 0.23]	10.46	R@11.74@0.95@260914@1.57@T@TP1@0.91|R@13.77@5.9@260803@2.04@T@TP2@5.63|R@14.02@6.51@260723@0.79@F@TP3@6.21|R@14.55@7.8@260715@1.96@T@n@7.44|P@16.7@13.05@n@n@n@n@12.44|A@17.65@15.37@n@n@n@n@14.65|B@18.87@18.34@n@n@n@n@17.49|D@20.21@21.61@n@n@n@n@20.6|C@22.38@26.9@n@n@n@n@25.65	73.28	17	13.19	11.19	0.25	11.35	-0.09	11.35	11.06	-16.42
TENB	39.47	2	False	2.01	null	39.76	38.55	39.06	[2.61, 1.74, 1.09, 1.93, 1.21]	29.97	R@40.19@0.36@260814@0.53@F@n@n|R@43.67@2.09@260715@0.91@F@n@n|A@48.61@4.55@n@n@n@n@n|B@54.9@7.67@n@n@n@n@n|D@61.84@11.12@n@n@n@n@n|C@73.07@16.71@n@n@n@n@n	167.72	16	25.5	35.57	2.18	35.65	9.91	38.73	36.8	-0.15
ED	105.12	1	False	1.66	21	105.23	103.57	103.7	[2.2, 1.98, 1.45, 1.57, 1.66]	102.0	R@108.91@2.29@260908@1.01@F@TP1@1.65|R@110.38@3.18@260818@1.64@T@TP2@2.29|R@112.43@4.41@260501@1.35@T@TP3@3.18|R@114.58@5.71@260728@1.14@F@n@4.11|A@117.86@7.69@n@n@n@n@5.54|B@121.17@9.69@n@n@n@n@6.98|D@124.83@11.9@n@n@n@n@8.57|C@130.74@15.47@n@n@n@n@11.14	1.63	21	105.69	104.48	-1.05	106.16	1.23	104.01	102.44	-6.22
ETR	103.25	1	False	2.01	20	103.3	101.0	101.36	[1.56, 2.78, 1.67, 1.65, 2.3]	96.92	R@109.04@2.88@260908@1.66@T@n@n|R@110.29@3.51@260818@0.77@F@n@n|R@113.23@4.97@260526@0.82@F@n@n|R@116.8@6.75@260717@1.47@T@n@n|P@118.45@7.57@n@n@n@n@n|A@120.85@8.76@n@n@n@n@n|B@123.91@10.29@n@n@n@n@n|D@127.28@11.97@n@n@n@n@n|C@132.74@14.69@n@n@n@n@n	23.67	21	109.62	101.68	-1.58	104.36	2.07	101.48	99.83	-9.7
CHD	96.54	1	False	1.62	null	97.42	95.98	96.13	[1.62, 1.1, 1.05, 1.72, 1.44]	93.04	R@97.04@0.31@260924@0.68@F@n@n|R@99.47@1.81@260527@0.85@F@n@n|R@100.49@2.43@260707@0.78@F@n@n|R@103.23@4.12@260827@0.89@F@n@n|P@104.31@4.79@n@n@n@n@n|A@106.87@6.36@n@n@n@n@n|B@110.14@8.38@n@n@n@n@n|D@113.74@10.6@n@n@n@n@n|C@119.57@14.19@n@n@n@n@n	165.2	9	94.88	95.12	-0.92	97.63	0.44	95.96	94.24	0.38
HPE	70.48	1	False	3.61	41	71.22	68.56	69.77	[3.51, 4.35, 4.29, 2.15, 2.66]	55.02	P@71.22@0.21@n@n@n@n@n|A@75.63@1.43@n@n@n@n@n|B@81.23@2.98@n@n@n@n@n|D@87.42@4.7@n@n@n@n@n|C@97.43@7.47@n@n@n@n@n	176.94	18	55.02	61.92	6.13	58.2	15.48	69.1	66.95	57.78
XEL	72.73	1	False	1.31	null	72.78	71.37	71.74	[0.93, 1.19, 0.81, 1.17, 1.41]	68.72	R@77.06@3.3@260909@1.05@F@n@n|R@79.88@5.44@260608@1.45@T@n@n|R@80.81@6.15@260818@1.21@T@n@n|R@81.5@6.67@260526@0.77@F@n@n|P@83.85@8.46@n@n@n@n@n|A@85.62@9.81@n@n@n@n@n|B@87.87@11.52@n@n@n@n@n|D@90.35@13.41@n@n@n@n@n|C@94.37@16.47@n@n@n@n@n	3.12	20	77.35	72.15	-1.62	74.8	0.93	71.93	70.76	-8.65
CART	45.47	1	False	1.58	23	46.08	44.57	45.89	[0.93, 1.36, 0.96, 1.57, 1.51]	42.03	R@46.73@0.8@260729@0.77@F@n@n|R@49.16@2.34@260713@0.77@F@n@n|R@51.06@3.54@260807@3.51@T@n@n|R@52.05@4.17@260825@0.6@F@n@n|A@55.56@6.4@n@n@n@n@n|B@59.22@8.72@n@n@n@n@n|D@63.26@11.28@n@n@n@n@n|C@69.8@15.43@n@n@n@n@n	3.45	24	42.1	45.27	-3.18	47.74	2.39	46.15	44.58	-4.73
DASH	193.62	1	False	7.55	20	194.03	190.82	192.18	[7.45, 6.19, 9.13, 6.11, 3.21]	178.04	R@199.05@0.72@260707@0.92@F@TP1@0.47|R@222.39@3.81@260807@1.57@T@TP2@2.48|R@238.83@5.99@260828@0.65@F@TP3@3.9|A@258.48@8.59@n@n@n@n@5.6|B@283.48@11.9@n@n@n@n@7.76|D@311.08@15.56@n@n@n@n@10.14|C@355.73@21.47@n@n@n@n@14.0	6.01	28	166.58	192.41	-3.65	207.18	0.73	194.24	188.13	2.26
AXTA	33.4	1	False	0.86	null	33.72	33.07	33.13	[0.82, 0.73, 0.53, 0.97, 0.65]	31.2	R@35.3@2.22@260707@0.66@F@TP1@1.56|R@37.32@4.58@260826@1.02@F@TP2@3.21|R@38.61@6.09@260807@0.66@F@TP3@4.27|A@40.54@8.34@n@n@n@n@5.85|B@42.99@11.2@n@n@n@n@7.86|D@45.7@14.37@n@n@n@n@10.08|C@50.08@19.49@n@n@n@n@13.67	47.46	28	31.52	32.89	-2.35	34.59	1.09	33.21	32.24	2.58
ILMN	273.54	2	False	13.99	null	309.35	271.55	301.58	[9.87, 9.24, 9.58, 24.64, 37.8]	200.01	P@309.35@2.56@n@n@n@TP1@1.42|A@339.09@4.69@n@n@n@TP2@2.6|B@376.92@7.39@n@n@n@TP3@4.1|D@418.69@10.38@n@n@n@n@5.75|C@486.26@15.21@n@n@n@n@8.43	101.86	29	200.01	248.3	6.62	228.89	10.54	296.25	271.61	45.65
MSTR	164.55	1	False	8.85	null	168.73	163.18	165.82	[11.51, 8.95, 14.28, 6.08, 5.55]	123.33	R@171.19@0.75@260922@0.9@F@TP1@0.46|R@197.0@3.67@260511@0.83@F@TP2@2.26|A@208.12@4.92@n@n@n@TP3@3.03|B@222.27@6.52@n@n@n@n@4.02|D@237.89@8.28@n@n@n@n@5.11|C@263.16@11.14@n@n@n@n@6.87	73.74	11	156.11	150.19	4.54	133.84	-1.66	166.2	160.12	75.3
AFRM	74.88	1	False	3.37	21	76.5	74.08	76.33	[1.74, 3.33, 2.28, 4.68, 2.42]	66.03	R@74.9@0.01@260915@0.6@F@n@n|R@80.65@1.71@260814@0.64@F@n@n|R@86.77@3.53@260707@0.9@F@n@n|R@90.44@4.62@260828@6.61@T@n@n|A@95.59@6.14@n@n@n@n@n|B@102.14@8.09@n@n@n@n@n|D@109.38@10.23@n@n@n@n@n|C@121.08@13.71@n@n@n@n@n	190.09	16	71.5	70.83	-0.19	73.12	4.33	74.93	70.25	-7.87
S	25.8	2	False	1.08	41	26.34	25.33	25.42	[0.68, 1.28, 0.83, 0.56, 1.01]	19.16	P@26.34@0.5@n@n@n@n@n|A@27.58@1.65@n@n@n@n@n|B@29.15@3.1@n@n@n@n@n|D@30.89@4.71@n@n@n@n@n|C@33.7@7.31@n@n@n@n@n	148.23	29	21.79	23.14	5.78	22.24	8.18	25.51	24.95	44.86
WMB	72.39	1	False	1.83	null	72.74	70.11	70.67	[1.7, 2.04, 1.91, 1.69, 2.63]	67.38	R@72.95@0.31@260610@0.65@F@n@n|R@75.88@1.91@260819@0.86@F@n@n|R@76.86@2.44@260909@0.92@F@n@n|R@79.0@3.61@260626@1.77@T@n@n|P@80.08@4.2@n@n@n@n@n|A@82.33@5.43@n@n@n@n@n|B@85.2@7.0@n@n@n@n@n|D@88.37@8.73@n@n@n@n@n|C@93.49@11.52@n@n@n@n@n	30.62	20	71.79	71.06	-1.63	72.33	1.99	71.73	70.04	-3.83
CEG	300.4	1	False	13.05	23	309.8	291.0	291.11	[16.51, 14.76, 16.64, 13.49, 18.8]	247.2	R@305.8@0.41@260908@1.5@T@TP1@0.41|R@328.8@2.18@260507@1.0@F@TP2@2.14|A@342.93@3.26@n@n@n@TP3@3.2|B@360.91@4.64@n@n@n@n@4.55|D@380.76@6.16@n@n@n@n@6.04|C@412.87@8.62@n@n@n@n@8.46	216.64	21	276.84	267.2	-2.11	273.65	14.02	271.19	257.7	22.85
EXTR	24.54	2	False	0.85	20	24.58	23.36	23.58	[0.55, 0.79, 1.17, 0.99, 1.22]	20.76	R@25.2@0.77@260814@0.74@F@TP1@0.69|R@32.41@9.22@260804@1.49@T@TP2@8.2|R@33.1@10.02@260630@0.96@F@TP3@8.92|R@33.73@10.76@260710@1.03@F@n@9.57|A@34.92@12.15@n@n@n@n@10.81|B@36.43@13.92@n@n@n@n@12.39|D@38.1@15.88@n@n@n@n@14.13|C@40.8@19.04@n@n@n@n@16.94	248.65	14	29.36	22.08	1.23	22.49	10.99	23.71	22.72	-21.14
RELX	34.03	1	False	0.71	null	34.3	33.96	34.13	[0.44, 0.58, 0.56, 0.55, 0.34]	32.69	R@34.19@0.23@260519@1.0@F@n@n|R@35.62@2.24@260605@0.86@F@n@n|R@37.0@4.18@260903@1.28@T@n@n|R@38.58@6.41@260729@0.94@F@n@n|A@40.24@8.75@n@n@n@n@n|B@42.36@11.73@n@n@n@n@n|D@44.7@15.03@n@n@n@n@n|C@48.48@20.35@n@n@n@n@n	52.21	24	32.46	33.74	-1.43	34.57	3.18	33.83	33.28	6.18
KSS	19.63	2	False	0.91	34	19.89	19.15	19.81	[1.07, 1.14, 0.54, 0.95, 0.74]	16.21	R@19.64@0.01@260904@0.68@F@n@n|R@20.55@1.01@260803@1.01@F@n@n|A@21.87@2.46@n@n@n@n@n|B@23.54@4.29@n@n@n@n@n|D@25.39@6.32@n@n@n@n@n|C@28.38@9.59@n@n@n@n@n	154.58	23	15.71	17.73	0.26	18.12	7.44	19.79	18.84	23.54
ANET	215.36	2	True	6.86	null	216.07	207.2	208.0	[4.34, 5.58, 3.97, 4.41, 8.87]	186.11	P@216.07@0.1@n@n@n@n@n|A@224.22@1.29@n@n@n@n@n|B@234.59@2.8@n@n@n@n@n|D@246.03@4.47@n@n@n@n@n|C@264.55@7.17@n@n@n@n@n	145.55	8	186.11	201.52	2.08	198.1	4.96	208.91	204.5	18.95
DDOG	278.24	2	False	11.34	21	285.68	276.0	278.0	[7.71, 8.92, 7.42, 6.52, 9.68]	209.04	R@278.71@0.04@260601@1.51@T@n@n|R@292.72@1.28@260805@1.32@T@n@n|A@307.69@2.6@n@n@n@n@n|B@326.74@4.28@n@n@n@n@n|D@347.77@6.13@n@n@n@n@n|C@381.79@9.13@n@n@n@n@n	103.52	29	237.67	250.69	6.62	241.71	12.43	281.85	275.33	6.57
ATI	194.69	1	False	7.48	null	195.82	189.43	194.57	[7.12, 6.6, 5.64, 6.84, 6.39]	178.26	R@204.3@1.28@260724@0.81@F@TP1@0.64|R@243.57@6.53@260812@0.83@F@TP2@3.24|A@262.28@9.04@n@n@n@TP3@4.48|B@286.09@12.22@n@n@n@n@6.05|D@312.37@15.73@n@n@n@n@7.79|C@354.89@21.42@n@n@n@n@10.61	43.54	40	174.77	190.3	-1.66	202.63	4.36	196.09	189.25	4.9
ADSK	231.28	1	False	8.55	34	231.55	221.7	221.92	[8.73, 7.62, 3.66, 8.72, 9.85]	199.18	R@232.64@0.16@260915@1.48@T@n@n|R@249.14@2.09@260729@1.08@F@n@n|R@255.14@2.79@260507@1.08@F@n@n|R@260.74@3.45@260814@0.67@F@n@n|P@271.72@4.73@n@n@n@n@n|A@279.99@5.7@n@n@n@n@n|B@290.5@6.93@n@n@n@n@n|D@302.11@8.29@n@n@n@n@n|C@320.89@10.48@n@n@n@n@n	139.31	16	241.33	215.69	-1.64	231.91	5.31	226.93	218.21	12.25
PBR	23.8	1	False	0.75	24	24.11	23.72	24.05	[0.5, 0.38, 0.88, 1.22, 0.39]	20.2	P@24.76@1.27@n@n@n@n@n|A@26.0@2.92@n@n@n@n@n|B@27.58@5.02@n@n@n@n@n|D@29.32@7.33@n@n@n@n@n|C@32.14@11.08@n@n@n@n@n	292.18	10	20.2	21.28	2.11	20.08	14.64	24.76	23.54	38.05
TRP	60.23	1	False	1.21	21	60.31	59.21	59.37	[0.9, 1.11, 1.11, 1.0, 1.1]	57.21	R@62.34@1.75@260918@1.19@F@n@n|R@63.99@3.11@260909@1.06@F@n@n|R@64.82@3.8@260817@0.7@F@n@n|R@67.31@5.86@260501@0.87@F@n@n|P@71.47@9.3@n@n@n@n@n|A@74.78@12.03@n@n@n@n@n|B@79.0@15.53@n@n@n@n@n|D@83.65@19.37@n@n@n@n@n|C@91.18@25.6@n@n@n@n@n	-20.03	13	59.29	60.2	-1.59	61.52	0.75	59.85	58.85	-12.68
BBWI	17.93	1	False	0.8	31	18.18	17.43	17.66	[0.37, 0.47, 0.64, 1.13, 0.75]	15.75	R@19.84@2.39@260511@0.89@F@TP1@2.05|R@20.82@3.62@260819@1.27@T@TP2@3.11|R@21.56@4.54@260805@0.81@F@TP3@3.9|R@23.73@7.26@260629@1.11@F@n@6.24|A@25.49@9.46@n@n@n@n@8.13|B@27.72@12.25@n@n@n@n@10.53|D@30.19@15.34@n@n@n@n@13.18|C@34.18@20.34@n@n@n@n@17.47	99.0	28	17.27	17.0	-3.06	18.0	4.37	17.52	16.39	-7.53
IR	79.21	1	False	2.1	null	80.55	78.88	79.13	[1.95, 2.08, 1.6, 3.42, 1.67]	70.94	R@83.2@1.9@260630@0.99@F@n@n|R@85.1@2.81@260716@1.92@T@n@n|R@91.78@6.0@260806@1.15@F@n@n|A@95.11@7.59@n@n@n@n@n|B@99.34@9.6@n@n@n@n@n|D@104.01@11.83@n@n@n@n@n|C@111.57@15.44@n@n@n@n@n	184.03	44	79.55	74.49	0.52	77.02	7.26	78.9	75.48	3.26
DINO	114.6	2	False	4.55	null	116.09	113.34	113.59	[5.12, 5.6, 5.2, 4.54, 2.75]	103.0	R@118.39@0.83@260921@1.3@T@TP1@0.82|A@125.74@2.45@n@n@n@TP2@2.4|B@135.08@4.5@n@n@n@TP3@4.4|D@145.4@6.77@n@n@n@n@6.62|C@162.09@10.44@n@n@n@n@10.21	108.57	12	91.38	109.95	1.54	103.66	7.41	116.43	111.89	45.76
HNGE	98.35	2	False	3.95	null	100.36	96.02	98.93	[3.91, 2.13, 2.78, 2.45, 4.34]	86.29	P@100.36@0.51@n@n@n@n@n|A@103.25@1.24@n@n@n@n@n|B@106.92@2.17@n@n@n@n@n|D@110.97@3.2@n@n@n@n@n|C@117.53@4.86@n@n@n@n@n	128.27	14	89.75	94.22	1.72	91.87	4.46	99.81	97.36	11.13
SONY	23.85	1	False	0.47	24	23.96	23.72	23.77	[0.44, 0.57, 0.36, 0.22, 0.24]	22.86	R@23.98@0.28@260731@1.82@T@n@n|R@24.67@1.76@260814@1.04@F@n@n|R@25.27@3.04@260831@1.2@T@n@n|A@26.55@5.78@n@n@n@n@n|B@28.17@9.25@n@n@n@n@n|D@29.96@13.08@n@n@n@n@n|C@32.86@19.29@n@n@n@n@n	63.22	27	20.58	23.6	-0.9	23.84	1.84	23.62	23.4	12.77
AEP	121.67	1	False	2.02	null	121.84	120.06	120.17	[1.71, 2.59, 2.43, 1.92, 1.78]	116.71	R@126.34@2.31@260908@1.29@T@n@n|R@128.62@3.44@260818@0.77@F@n@n|R@130.22@4.23@260605@0.68@F@n@n|R@132.12@5.17@260526@1.25@T@n@n|P@140.58@9.36@n@n@n@n@n|A@144.28@11.19@n@n@n@n@n|B@148.98@13.51@n@n@n@n@n|D@154.18@16.09@n@n@n@n@n|C@162.58@20.24@n@n@n@n@n	29.34	21	126.98	120.41	-0.9	122.25	1.16	120.55	118.63	-10.47
PENG	64.21	2	False	3.66	64	64.58	56.6	61.6	[2.64, 2.23, 5.48, 2.66, 7.98]	46.19	R@65.75@0.42@260817@1.01@F@n@n|R@73.24@2.47@260602@1.2@T@n@n|R@77.4@3.6@260622@1.62@T@n@n|R@89.86@7.0@260709@2.31@T@n@n|A@98.35@9.32@n@n@n@n@n|B@109.16@12.27@n@n@n@n@n|D@121.09@15.53@n@n@n@n@n|C@140.39@20.8@n@n@n@n@n	165.91	11	58.63	54.02	4.76	53.75	13.49	61.94	59.28	-18.17
SPCX	171.92	2	False	7.18	null	176.42	171.39	172.01	[4.83, 7.75, 10.5, 13.85, 5.03]	142.87	R@172.4@0.07@260630@n@n@TP1@0.02|P@225.64@7.48@n@n@n@TP2@2.73|A@246.39@10.37@n@n@n@TP3@3.78|B@272.79@14.05@n@n@n@n@5.12|D@301.94@18.11@n@n@n@n@6.6|C@349.09@24.68@n@n@n@n@8.99	302.03	12	149.34	152.21	2.24	146.95	11.12	172.47	158.62	15.93
ETN	445.09	1	False	13.62	null	446.73	434.02	436.4	[6.75, 16.64, 18.35, 8.38, 12.71]	387.0	R@478.0@2.42@260812@0.67@F@TP1@1.68|A@510.6@4.81@n@n@n@TP2@3.34|B@552.08@7.86@n@n@n@TP3@5.45|D@597.87@11.22@n@n@n@n@7.79|C@671.95@16.66@n@n@n@n@11.56	82.98	21	358.13	425.47	2.03	423.73	0.59	439.76	431.38	11.4
SYNA	119.39	2	False	4.75	21	120.65	119.13	120.5	[2.42, 6.2, 2.07, 1.41, 1.52]	88.09	R@135.79@3.45@260709@0.95@F@n@n|R@146.83@5.77@260622@0.61@F@n@n|A@168.48@10.33@n@n@n@n@n|B@193.13@15.51@n@n@n@n@n|D@220.34@21.24@n@n@n@n@n|C@264.36@30.5@n@n@n@n@n	197.1	18	77.88	100.69	4.42	100.37	22.28	121.0	119.59	-3.23
SEDG	34.04	1	False	2.33	null	35.08	33.7	34.04	[1.73, 2.16, 1.77, 2.82, 1.38]	29.6	R@37.17@1.34@260922@0.59@F@TP1@1.16|R@48.95@6.39@260427@1.01@F@TP2@5.54|R@58.05@10.29@260715@0.75@F@TP3@8.93|R@60.94@11.53@260630@1.56@T@n@10.0|P@81.25@20.24@n@n@n@n@17.55|A@93.14@25.33@n@n@n@n@21.97|B@108.26@31.81@n@n@n@n@27.59|D@124.95@38.97@n@n@n@n@33.8|C@151.96@50.54@n@n@n@n@43.84	13.97	11	37.55	33.98	-0.97	33.14	-5.65	34.66	31.84	-35.05
RCL	288.78	1	False	10.39	null	289.17	278.0	279.8	[10.65, 7.64, 7.94, 7.39, 11.17]	222.22	R@288.86@0.01@260507@1.42@T@n@n|R@298.83@0.97@260604@0.87@F@n@n|R@333.39@4.29@260625@0.63@F@n@n|A@349.06@5.8@n@n@n@n@n|B@368.21@7.64@n@n@n@n@n|D@389.36@9.68@n@n@n@n@n|C@423.57@12.97@n@n@n@n@n	184.57	46	278.64	255.54	1.01	271.44	22.94	277.08	269.69	2.79
KMI	32.16	1	False	0.76	null	32.31	31.12	31.38	[0.59, 1.23, 0.79, 0.89, 1.19]	29.43	R@32.19@0.04@260918@2.75@T@n@n|R@32.7@0.71@260901@0.87@F@n@n|R@33.26@1.45@260723@2.05@T@n@n|R@34.81@3.49@260519@1.35@T@n@n|A@35.88@4.89@n@n@n@n@n|B@37.24@6.68@n@n@n@n@n|D@38.74@8.66@n@n@n@n@n|C@41.17@11.86@n@n@n@n@n	129.27	13	30.88	31.08	-0.6	31.45	2.85	31.69	30.8	-0.99
ARMK	55.45	1	False	1.18	28	55.95	55.22	55.44	[0.98, 1.53, 1.08, 0.91, 0.73]	53.25	R@58.47@2.56@260728@1.21@T@n@n|R@60.15@3.99@260915@1.51@T@n@n|R@62.65@6.11@260814@1.08@F@n@n|A@64.67@7.82@n@n@n@n@n|B@67.24@10.0@n@n@n@n@n|D@70.08@12.41@n@n@n@n@n|C@74.67@16.3@n@n@n@n@n	-30.37	16	55.22	56.06	-0.94	57.57	-2.01	55.76	54.85	-1.84
ON	86.31	2	False	3.4	null	86.92	85.22	86.9	[1.84, 4.34, 3.49, 2.43, 1.7]	65.8	R@102.64@4.8@260709@0.89@F@TP1@2.95|R@119.1@9.65@260514@0.82@F@TP2@5.93|R@132.42@13.57@260622@0.97@F@TP3@8.34|R@134.92@14.3@260603@0.82@F@n@8.79|A@151.5@19.18@n@n@n@n@11.79|B@172.58@25.38@n@n@n@n@15.6|D@195.86@32.23@n@n@n@n@19.81|C@233.52@43.31@n@n@n@n@26.62	184.2	18	73.98	75.12	3.44	75.57	17.27	86.33	83.9	-7.98
CAT	863.44	1	False	24.55	20	876.95	851.47	853.0	[21.88, 31.18, 22.41, 36.08, 25.48]	772.86	R@887.91@1.0@260817@0.7@F@n@n|R@909.6@1.88@260723@0.75@F@n@n|R@931.35@2.77@260507@1.22@T@n@n|R@946.83@3.4@260604@1.16@F@n@n|P@1073.46@8.56@n@n@n@n@n|A@1132.95@10.98@n@n@n@n@n|B@1208.64@14.06@n@n@n@n@n|D@1292.19@17.47@n@n@n@n@n|C@1427.37@22.97@n@n@n@n@n	225.06	12	854.73	815.05	1.16	819.0	6.86	857.85	821.77	-8.93
USFD	96.53	1	False	2.67	21	96.93	95.13	95.32	[1.99, 3.43, 3.46, 2.42, 1.8]	90.19	R@96.98@0.17@260922@1.21@T@TP1@0.13|R@103.81@2.73@260729@1.15@F@TP2@2.15|R@105.17@3.24@260707@0.7@F@TP3@2.55|R@111.28@5.52@260824@0.76@F@n@4.35|A@115.31@7.03@n@n@n@n@5.54|B@120.25@8.88@n@n@n@n@7.0|D@125.71@10.93@n@n@n@n@8.61|C@134.54@14.24@n@n@n@n@11.21	80.34	11	97.13	94.24	-2.52	100.9	2.47	96.99	94.57	-3.35
BIRK	34.0	1	False	1.17	null	34.1	33.45	34.05	[1.12, 1.18, 1.08, 0.92, 0.65]	29.93	R@37.0@2.56@260827@0.77@F@TP1@1.45|R@40.89@5.89@260507@0.84@F@TP2@3.33|R@43.9@8.46@260813@3.03@T@TP3@4.78|R@45.53@9.85@260529@0.86@F@n@5.57|P@50.73@14.3@n@n@n@n@8.08|A@53.22@16.43@n@n@n@n@9.29|B@56.38@19.13@n@n@n@n@10.81|D@59.87@22.11@n@n@n@n@12.5|C@65.52@26.94@n@n@n@n@15.23	131.25	8	41.59	31.93	-0.33	33.89	7.32	33.88	32.96	-23.15
CSX	47.5	1	False	0.84	null	47.73	47.32	47.38	[0.75, 0.71, 0.84, 0.64, 0.41]	45.79	R@48.03@0.63@260612@0.93@F@TP1@0.31|R@51.59@4.86@260806@0.81@F@TP2@2.39|R@52.15@5.53@260826@0.68@F@TP3@2.72|R@53.6@7.25@260727@1.36@T@n@3.57|A@55.9@9.99@n@n@n@n@4.91|B@58.82@13.46@n@n@n@n@6.62|D@62.05@17.3@n@n@n@n@8.51|C@67.27@23.51@n@n@n@n@11.56	2.86	30	45.15	47.47	-0.97	48.91	1.95	47.54	46.9	-2.44
AMAT	530.27	2	False	19.04	26	546.0	526.52	546.0	[8.64, 18.37, 12.15, 12.22, 19.48]	411.51	R@563.76@1.76@260813@1.71@T@TP1@0.78|R@739.67@11.0@260630@1.31@T@TP2@4.89|A@832.78@15.89@n@n@n@TP3@7.07|B@951.21@22.11@n@n@n@n@9.84|D@1081.97@28.97@n@n@n@n@12.9|C@1293.51@40.08@n@n@n@n@17.84	121.14	20	397.37	476.22	4.49	481.61	12.24	545.81	533.59	-7.05
CAH	233.44	1	False	5.58	21	235.19	231.64	233.69	[4.42, 8.55, 6.65, 5.59, 3.55]	216.7	R@243.21@1.75@260707@1.26@T@TP1@1.7|R@249.29@2.84@260904@0.91@F@TP2@2.75|R@258.3@4.45@260811@1.44@T@TP3@4.32|A@268.62@6.3@n@n@n@n@6.11|B@281.74@8.65@n@n@n@n@8.39|D@296.23@11.24@n@n@n@n@10.9|C@319.67@15.44@n@n@n@n@14.97	60.03	23	220.37	228.3	-1.59	232.61	5.13	234.18	228.59	-1.56
MAS	69.93	1	False	1.75	null	69.96	68.38	68.46	[1.41, 2.17, 1.69, 1.13, 1.58]	66.26	R@70.33@0.23@260923@0.89@F@n@n|R@71.54@0.92@260529@1.06@F@n@n|R@74.35@2.53@260507@0.98@F@n@n|R@76.32@3.66@260615@0.86@F@n@n|P@83.64@7.85@n@n@n@n@n|A@85.85@9.12@n@n@n@n@n|B@88.66@10.73@n@n@n@n@n|D@91.77@12.51@n@n@n@n@n|C@96.79@15.38@n@n@n@n@n	131.7	10	75.51	68.48	-1.0	70.82	-0.04	68.74	67.61	-7.68
RBRK	125.8	2	False	5.26	41	127.9	124.55	125.4	[2.33, 3.48, 3.22, 6.27, 3.35]	85.78	P@127.9@0.4@n@n@n@n@n|A@133.88@1.54@n@n@n@n@n|B@141.5@2.98@n@n@n@n@n|D@149.9@4.58@n@n@n@n@n|C@163.5@7.16@n@n@n@n@n	142.41	29	105.9	108.81	7.08	102.73	12.45	124.27	118.0	49.05
HWM	231.6	1	False	6.79	null	231.73	225.1	229.66	[5.67, 4.87, 6.47, 3.71, 6.63]	223.03	R@233.42@0.27@260925@0.54@F@TP1@0.22|R@263.48@4.69@260527@0.81@F@TP2@3.83|R@280.5@7.2@260706@0.64@F@TP3@5.88|R@290.63@8.69@260618@1.69@T@n@7.09|P@310.0@11.54@n@n@n@n@9.42|A@320.81@13.13@n@n@n@n@10.72|B@334.57@15.16@n@n@n@n@12.38|D@349.75@17.4@n@n@n@n@14.2|C@374.32@21.01@n@n@n@n@17.15	34.83	8	270.25	228.74	-2.39	248.84	2.77	232.3	228.59	-14.72
P	147.2	2	False	6.25	39	149.04	144.5	146.0	[3.48, 5.6, 6.83, 3.77, 4.54]	92.27	P@149.04@0.29@n@n@n@n@n|A@164.48@2.77@n@n@n@n@n|B@184.12@5.91@n@n@n@n@n|D@205.81@9.38@n@n@n@n@n|C@240.89@14.99@n@n@n@n@n	132.77	20	92.27	116.17	9.99	110.68	32.74	144.03	140.26	89.37
IBKR	90.58	1	False	2.72	null	91.85	89.06	89.38	[1.54, 3.65, 2.37, 1.47, 2.79]	83.6	R@91.02@0.16@260601@1.3@T@n@n|R@93.94@1.23@260921@0.89@F@n@n|R@97.77@2.64@260715@0.76@F@n@n|A@101.42@3.98@n@n@n@n@n|B@104.82@5.23@n@n@n@n@n|D@108.58@6.61@n@n@n@n@n|C@114.65@8.84@n@n@n@n@n	50.52	12	88.92	89.23	-0.94	91.07	-1.41	89.56	88.09	-3.02
IRM	116.5	1	False	3.26	null	117.41	113.96	113.96	[3.15, 2.62, 2.59, 2.08, 3.45]	108.96	R@118.47@0.6@260922@0.95@F@TP1@0.51|R@125.4@2.73@260827@0.78@F@TP2@2.29|R@129.4@3.96@260805@1.3@T@TP3@3.32|R@132.87@5.02@260724@0.87@F@n@4.21|P@134.68@5.58@n@n@n@n@4.67|A@138.02@6.61@n@n@n@n@5.53|B@142.28@7.91@n@n@n@n@6.63|D@146.97@9.35@n@n@n@n@7.83|C@154.57@11.69@n@n@n@n@9.79	98.5	11	122.39	113.52	-0.42	117.24	-1.38	114.13	112.05	0.9
MPC	432.36	2	False	15.1	null	435.69	427.2	428.45	[10.37, 27.9, 19.1, 16.59, 8.49]	378.8	P@437.67@0.35@n@n@n@n@n|A@453.68@1.41@n@n@n@n@n|B@474.05@2.76@n@n@n@n@n|D@496.54@4.25@n@n@n@n@n|C@532.92@6.66@n@n@n@n@n	151.28	12	378.8	405.3	2.01	385.91	10.95	437.67	421.08	54.04
APH	88.62	1	False	2.65	null	89.93	88.21	88.7	[1.98, 3.46, 2.3, 1.09, 1.72]	76.74	R@89.26@0.24@260630@1.47@T@n@n|A@93.52@1.85@n@n@n@n@n|B@98.08@3.57@n@n@n@n@n|D@103.12@5.47@n@n@n@n@n|C@111.27@8.54@n@n@n@n@n	155.77	18	76.74	82.48	1.51	81.7	6.98	87.7	86.61	12.02
FROG	98.51	2	False	4.93	21	100.38	97.32	98.92	[7.32, 3.98, 5.4, 3.43, 3.06]	85.03	R@99.22@0.14@260707@0.65@F@n@n|R@105.76@1.47@260828@1.19@F@n@n|A@111.12@2.56@n@n@n@n@n|B@117.95@3.94@n@n@n@n@n|D@125.48@5.47@n@n@n@n@n|C@137.67@7.94@n@n@n@n@n	148.9	14	86.04	92.69	2.1	92.5	9.52	98.89	95.46	6.23
WSE	11.76	1	False	0.31	26	11.81	11.63	11.67	[0.15, 0.37, 0.24, 0.46, 0.18]	11.1	R@13.04@4.13@260529@n@n@TP1@2.37|R@13.23@4.74@260707@0.59@F@TP2@2.72|R@13.66@6.13@260827@1.57@T@TP3@3.52|P@17.47@18.42@n@n@n@n@10.57|A@18.49@21.71@n@n@n@n@12.46|B@19.79@25.9@n@n@n@n@14.87|D@21.22@30.52@n@n@n@n@17.52|C@23.54@38.0@n@n@n@n@21.81	24.52	29	13.72	11.64	-2.78	12.27	2.17	11.68	11.22	-8.77
ABBV	266.69	2	False	5.5	null	268.86	260.62	267.74	[3.77, 3.32, 6.19, 7.05, 8.24]	246.77	R@266.96@0.05@260819@1.04@F@n@n|A@275.54@1.61@n@n@n@n@n|B@283.37@3.03@n@n@n@n@n|D@292.01@4.6@n@n@n@n@n|C@305.99@7.14@n@n@n@n@n	73.55	10	246.77	262.45	0.57	260.01	0.56	267.34	260.29	5.52
LNT	65.49	1	False	1.14	21	65.54	64.44	64.67	[1.47, 1.39, 1.41, 0.83, 1.1]	62.54	R@69.04@3.11@260908@0.9@F@n@n|R@71.46@5.23@260818@0.75@F@n@n|R@74.67@8.04@260526@0.54@F@n@n|R@75.76@8.99@260501@2.15@T@n@n|P@78.81@11.66@n@n@n@n@n|A@81.33@13.87@n@n@n@n@n|B@84.53@16.67@n@n@n@n@n|D@88.06@19.76@n@n@n@n@n|C@93.78@24.77@n@n@n@n@n	-2.35	21	69.56	65.12	-1.45	67.0	1.35	64.8	63.97	-14.25
W	105.45	1	False	4.95	null	108.46	104.0	106.95	[3.86, 3.85, 6.76, 5.7, 4.46]	94.25	R@107.92@0.5@260819@0.6@F@TP1@0.38|R@118.31@2.6@260804@3.78@T@TP2@2.0|A@127.43@4.44@n@n@n@TP3@3.42|B@139.03@6.78@n@n@n@n@5.23|D@151.84@9.36@n@n@n@n@7.23|C@172.56@13.55@n@n@n@n@10.45	108.87	11	84.78	101.88	1.59	101.71	-1.77	107.22	101.52	21.57
FTV	57.89	1	False	1.11	null	58.28	57.55	57.67	[0.7, 1.28, 1.63, 0.94, 0.73]	54.13	R@60.8@2.61@260826@0.74@F@n@n|R@61.57@3.31@260511@0.79@F@n@n|R@62.63@4.26@260811@0.55@F@n@n|R@63.4@4.95@260610@0.92@F@n@n|P@64.56@5.99@n@n@n@n@n|A@65.87@7.17@n@n@n@n@n|B@67.54@8.67@n@n@n@n@n|D@69.39@10.33@n@n@n@n@n|C@72.37@13.01@n@n@n@n@n	221.32	30	59.73	55.77	-0.09	57.59	3.47	57.92	56.98	-5.52
VRT	253.14	1	False	11.33	null	256.5	249.1	253.2	[9.55, 11.23, 6.26, 8.04, 7.4]	226.94	R@255.4@0.2@260922@0.65@F@n@n|R@274.76@1.91@260827@0.94@F@n@n|R@295.34@3.72@260908@1.16@F@n@n|R@313.61@5.34@260723@0.54@F@n@n|P@379.94@11.19@n@n@n@n@n|A@403.35@13.26@n@n@n@n@n|B@433.13@15.89@n@n@n@n@n|D@466.0@18.79@n@n@n@n@n|C@519.19@23.48@n@n@n@n@n	47.95	11	293.88	248.04	-2.1	259.42	-0.13	258.1	250.06	-20.35
JCI	158.76	1	False	3.57	null	160.41	156.73	157.67	[2.89, 3.38, 3.78, 3.29, 3.68]	135.79	P@160.41@0.46@n@n@n@n@n|A@167.11@2.34@n@n@n@n@n|B@175.63@4.73@n@n@n@n@n|D@185.03@7.36@n@n@n@n@n|C@200.25@11.63@n@n@n@n@n	179.62	18	135.79	146.91	2.09	146.17	8.41	157.53	154.24	13.21
SHOP	164.44	2	False	6.76	null	166.28	163.1	166.02	[4.69, 4.63, 2.73, 11.29, 3.18]	124.03	P@166.28@0.27@n@n@n@n@n|A@177.13@1.88@n@n@n@n@n|B@190.93@3.92@n@n@n@n@n|D@206.17@6.17@n@n@n@n@n|C@230.82@9.82@n@n@n@n@n	172.73	28	126.39	140.7	2.42	144.59	11.3	162.99	151.7	37.93
VVV	30.87	1	False	1.03	30	31.34	30.4	30.4	[1.25, 1.41, 0.96, 1.15, 0.94]	26.21	R@34.62@3.62@260820@0.98@F@TP1@2.17|R@37.12@6.04@260508@1.55@T@TP2@3.61|R@39.01@7.86@260615@1.23@T@TP3@4.71|R@40.26@9.07@260629@0.98@F@n@5.43|P@41.08@9.86@n@n@n@n@5.9|A@42.17@10.92@n@n@n@n@6.53|B@43.56@12.26@n@n@n@n@7.34|D@45.1@13.75@n@n@n@n@8.23|C@47.58@16.14@n@n@n@n@9.66	96.52	34	37.06	29.14	-0.9	30.99	7.67	31.04	29.89	-18.05
ZETA	32.95	2	False	1.48	null	33.69	32.6	32.84	[2.9, 1.14, 0.8, 2.36, 1.09]	28.03	P@34.8@1.25@n@n@n@n@n|A@36.64@2.5@n@n@n@n@n|B@38.98@4.08@n@n@n@n@n|D@41.57@5.83@n@n@n@n@n|C@45.75@8.66@n@n@n@n@n	176.34	11	28.03	30.76	0.92	30.19	9.36	34.8	32.44	52.12
AMZN	256.29	1	False	5.55	null	256.68	251.08	253.4	[6.36, 5.71, 3.54, 4.35, 5.6]	244.3	R@258.08@0.32@260716@0.74@F@n@n|R@267.56@2.03@260828@1.3@T@n@n|R@274.75@3.33@260529@1.39@T@n@n|R@278.56@4.01@260505@0.81@F@n@n|P@287.2@5.57@n@n@n@n@n|A@303.8@8.56@n@n@n@n@n|B@324.92@12.37@n@n@n@n@n|D@348.24@16.58@n@n@n@n@n|C@385.96@23.38@n@n@n@n@n	87.77	12	226.16	251.25	-0.55	256.2	0.51	254.53	250.18	5.2
GTLB	51.63	2	False	2.13	39	53.38	50.85	51.95	[1.63, 2.66, 2.25, 2.07, 2.53]	44.22	R@55.55@1.84@260902@4.79@T@TP1@1.32|A@59.74@3.81@n@n@n@TP2@2.74|B@65.07@6.32@n@n@n@TP3@4.54|D@70.96@9.09@n@n@n@n@6.53|C@80.48@13.56@n@n@n@n@9.75	176.76	11	40.14	48.67	0.95	46.32	5.76	51.76	49.69	62.67
DT	61.05	2	False	1.7	20	61.58	60.5	60.84	[0.97, 1.16, 1.33, 1.77, 1.08]	49.56	P@61.58@0.31@n@n@n@n@n|A@64.85@2.23@n@n@n@n@n|B@69.01@4.68@n@n@n@n@n|D@73.6@7.38@n@n@n@n@n|C@81.03@11.75@n@n@n@n@n	128.65	27	49.56	56.47	3.57	53.61	6.73	60.68	58.91	39.26
SO	85.44	1	False	1.33	21	85.52	84.14	84.2	[1.1, 1.6, 0.72, 1.22, 1.38]	81.69	R@89.34@2.94@260908@1.17@F@TP1@1.04|R@93.48@6.06@260818@0.77@F@TP2@2.14|R@94.95@7.17@260519@1.51@T@TP3@2.54|R@97.4@9.02@260501@1.64@T@n@3.19|P@99.26@10.42@n@n@n@n@3.69|A@101.15@11.85@n@n@n@n@4.19|B@103.56@13.67@n@n@n@n@4.83|D@106.21@15.66@n@n@n@n@5.54|C@110.51@18.91@n@n@n@n@6.69	-1.66	21	92.31	84.98	-1.33	87.6	0.34	84.39	83.17	-11.35
MAC	22.95	1	False	0.48	null	23.18	22.8	22.91	[0.64, 0.61, 0.42, 0.33, 0.38]	22.0	R@23.02@0.15@260922@1.05@F@TP1@0.09|R@24.74@3.73@260831@1.21@T@TP2@2.18|R@25.72@5.77@260615@1.52@T@TP3@3.38|R@25.97@6.29@260626@2.75@T@n@3.68|P@26.68@7.77@n@n@n@n@4.55|A@27.15@8.75@n@n@n@n@5.12|B@27.74@9.98@n@n@n@n@5.84|D@28.39@11.33@n@n@n@n@6.63|C@29.45@13.54@n@n@n@n@7.93	122.25	11	24.97	22.66	-0.67	23.39	0.66	23.14	22.81	-7.35
BOX	35.27	1	False	1.1	39	35.84	34.88	35.72	[1.08, 1.46, 0.75, 1.08, 0.96]	30.44	R@35.32@0.05@260915@0.96@F@n@n|R@36.34@0.97@260831@1.36@T@n@n|A@37.54@2.07@n@n@n@n@n|B@39.07@3.46@n@n@n@n@n|D@40.75@4.99@n@n@n@n@n|C@43.48@7.48@n@n@n@n@n	108.91	16	31.93	33.76	-0.3	33.77	7.3	35.58	34.5	22.13
NBIS	249.87	1	False	16.4	24	255.1	237.0	237.22	[15.42, 11.16, 13.0, 13.98, 18.1]	203.87	R@254.74@0.3@260908@1.19@F@n@n|R@278.84@1.77@260602@0.74@F@n@n|R@299.86@3.05@260622@0.82@F@n@n|A@326.94@4.7@n@n@n@n@n|B@361.39@6.8@n@n@n@n@n|D@399.42@9.12@n@n@n@n@n|C@460.95@12.87@n@n@n@n@n	117.56	21	200.3	230.12	2.42	228.33	5.82	244.49	230.51	15.42
CNP	38.56	1	False	0.67	null	38.58	37.84	38.06	[0.41, 0.92, 0.59, 0.7, 0.74]	36.37	R@40.36@2.69@260908@0.85@F@n@n|R@41.53@4.43@260819@0.8@F@n@n|R@43.27@7.03@260526@1.26@T@n@n|R@44.06@8.21@260501@0.98@F@n@n|P@45.26@10.0@n@n@n@n@n|A@46.01@11.12@n@n@n@n@n|B@46.97@12.55@n@n@n@n@n|D@48.03@14.13@n@n@n@n@n|C@49.74@16.69@n@n@n@n@n	34.71	21	42.49	37.9	-1.38	38.88	1.88	38.21	37.51	-12.46
TEAM	193.98	1	False	9.18	21	199.08	190.96	198.85	[8.3, 8.5, 5.19, 11.0, 8.12]	168.05	R@198.6@0.5@260903@0.63@F@n@n|A@207.01@1.42@n@n@n@n@n|B@215.94@2.39@n@n@n@n@n|D@225.79@3.47@n@n@n@n@n|C@241.73@5.2@n@n@n@n@n	85.24	11	174.21	187.82	0.36	181.17	2.83	197.5	186.5	126.96
RXO	28.54	2	False	1.45	21	28.83	28.16	28.73	[0.96, 1.29, 2.48, 1.08, 0.67]	18.56	R@28.62@0.06@260701@0.62@F@n@n|R@29.86@0.91@260610@1.06@F@n@n|A@30.99@1.69@n@n@n@n@n|B@32.38@2.64@n@n@n@n@n|D@33.92@3.7@n@n@n@n@n|C@36.4@5.41@n@n@n@n@n	291.78	38	25.88	21.0	5.5	21.36	44.21	29.11	28.03	6.25
FTNT	191.27	2	True	6.38	null	192.41	186.5	187.51	[5.75, 4.98, 3.05, 5.22, 5.91]	154.0	P@192.41@0.18@n@n@n@n@n|A@204.42@2.06@n@n@n@n@n|B@219.7@4.46@n@n@n@n@n|D@236.57@7.1@n@n@n@n@n|C@263.86@11.38@n@n@n@n@n	188.33	9	148.25	173.77	3.8	166.35	9.76	184.63	179.41	22.05
FRSH	13.76	2	False	0.54	null	14.37	13.66	13.71	[0.47, 0.48, 0.62, 0.47, 0.71]	11.7	R@13.99@0.43@260828@0.61@F@n@n|P@14.37@1.14@n@n@n@n@n|A@15.03@2.37@n@n@n@n@n|B@15.86@3.93@n@n@n@n@n|D@16.78@5.64@n@n@n@n@n|C@18.27@8.43@n@n@n@n@n	274.01	28	11.96	12.63	0.34	12.77	10.79	13.24	12.77	35.3
HOG	26.94	1	False	1.01	null	27.14	26.53	26.67	[0.92, 1.0, 0.61, 1.79, 0.61]	24.0	R@26.99@0.05@260511@1.09@F@n@n|R@28.65@1.69@260821@1.0@F@n@n|A@30.13@3.16@n@n@n@n@n|B@31.75@4.77@n@n@n@n@n|D@33.53@6.53@n@n@n@n@n|C@36.42@9.4@n@n@n@n@n	58.01	23	24.19	26.08	-2.1	26.82	3.5	27.2	25.41	6.23
DELL	574.0	1	False	28.56	34	587.19	560.96	561.78	[15.81, 30.11, 19.99, 14.55, 26.23]	506.25	R@595.51@0.75@260918@1.15@F@n@n|A@642.73@2.41@n@n@n@n@n|B@702.81@4.51@n@n@n@n@n|D@769.13@6.83@n@n@n@n@n|C@876.43@10.59@n@n@n@n@n	109.02	13	421.89	551.56	2.57	510.74	4.57	560.55	546.0	32.88
CZR	29.65	1	False	0.11	null	29.72	29.64	29.68	[0.07, 0.09, 0.09, 0.14, 0.08]	29.5	R@29.75@0.93@260915@2.02@T@TP1@0.91|R@30.2@5.14@260807@1.17@F@TP2@5.0|R@30.83@11.03@260625@0.99@F@TP3@10.73|A@31.28@15.23@n@n@n@n@14.82|B@31.85@20.56@n@n@n@n@20.0|D@32.48@26.45@n@n@n@n@25.73|C@33.5@35.98@n@n@n@n@35.0	49.35	16	29.18	29.64	-0.03	29.66	0.1	29.77	29.63	-0.57
AMD	649.42	2	False	23.98	null	658.52	628.0	648.04	[15.07, 17.8, 16.91, 13.51, 30.52]	480.33	P@658.52@0.38@n@n@n@n@n|A@717.82@2.85@n@n@n@n@n|B@793.26@6.0@n@n@n@n@n|D@876.54@9.47@n@n@n@n@n|C@1011.28@15.09@n@n@n@n@n	89.39	30	440.5	581.38	7.25	529.19	4.11	633.5	619.99	25.51
MXL	109.3	2	False	6.73	null	110.32	106.6	108.4	[6.62, 5.06, 12.84, 5.45, 3.72]	64.71	R@128.3@2.82@260630@1.5@T@n@n|A@144.76@5.27@n@n@n@n@n|B@165.71@8.38@n@n@n@n@n|D@188.83@11.81@n@n@n@n@n|C@226.24@17.37@n@n@n@n@n	157.2	37	67.77	84.78	13.13	76.0	25.01	108.33	102.88	27.02
MSFT	529.3	1	False	11.72	null	535.69	528.78	531.68	[9.52, 10.68, 8.84, 10.88, 6.91]	486.0	P@535.69@0.55@n@n@n@n@n|A@549.21@1.7@n@n@n@n@n|B@566.4@3.16@n@n@n@n@n|D@585.38@4.78@n@n@n@n@n|C@616.09@7.4@n@n@n@n@n	185.2	28	486.0	504.71	0.96	499.91	6.29	532.35	521.47	38.08
IRDM	49.04	1	False	1.03	null	49.64	48.52	48.52	[0.87, 0.74, 1.25, 0.52, 1.12]	45.88	R@49.35@0.3@260925@1.0@F@n@n|R@50.97@1.87@260817@0.99@F@n@n|R@53.83@4.65@260603@1.15@F@n@n|R@57.18@7.9@260702@0.9@F@n@n|A@61.69@12.28@n@n@n@n@n|B@67.43@17.85@n@n@n@n@n|D@73.76@24.0@n@n@n@n@n|C@84.01@33.95@n@n@n@n@n	114.16	8	40.6	47.87	0.69	48.0	0.8	48.82	48.3	-2.85
VALE	14.08	1	False	0.42	null	14.27	13.93	14.27	[0.3, 0.31, 0.4, 0.81, 0.34]	13.16	R@15.15@2.54@260731@1.31@T@TP1@2.06|R@16.02@4.6@260903@1.65@T@TP2@3.73|R@16.36@5.4@260615@1.47@T@TP3@4.38|R@16.94@6.78@260602@1.11@F@n@5.5|P@17.94@9.15@n@n@n@n@7.42|B@18.3@10.0@n@n@n@n@8.12|D@18.53@10.55@n@n@n@n@8.56|C@18.89@11.4@n@n@n@n@9.25	-8.66	24	17.35	14.15	-2.8	14.43	-0.78	14.73	13.92	0.21
LITE	1133.4	2	False	64.38	null	1137.21	1084.04	1099.81	[69.18, 112.04, 54.37, 52.36, 53.17]	832.11	P@1137.21@0.06@n@n@n@n@n|A@1206.84@1.14@n@n@n@n@n|B@1295.41@2.52@n@n@n@n@n|D@1393.19@4.04@n@n@n@n@n|C@1551.39@6.49@n@n@n@n@n	198.8	11	881.23	959.99	4.81	926.06	19.85	1124.4	1072.04	60.29
VRNS	49.08	2	False	1.77	null	49.35	48.5	48.57	[1.18, 1.55, 1.1, 1.11, 0.85]	44.17	R@49.54@0.26@260715@0.75@F@n@n|A@54.38@3.0@n@n@n@n@n|B@60.53@6.48@n@n@n@n@n|D@67.33@10.33@n@n@n@n@n|C@78.32@16.55@n@n@n@n@n	180.15	12	31.75	47.34	1.34	45.4	3.79	48.64	47.53	8.9
PANW	419.91	2	False	17.28	30	432.33	412.0	412.8	[15.8, 11.56, 9.55, 8.75, 20.33]	327.05	P@432.33@0.72@n@n@n@n@n|A@462.51@2.46@n@n@n@n@n|B@500.89@4.69@n@n@n@n@n|D@543.27@7.14@n@n@n@n@n|C@611.83@11.11@n@n@n@n@n	167.38	29	321.39	378.79	4.56	370.09	12.1	407.92	399.17	30.98
UNH	376.32	1	False	8.64	null	380.41	373.7	379.03	[9.21, 9.26, 8.21, 11.09, 6.71]	362.6	R@404.15@3.22@260513@0.99@F@TP1@1.54|R@415.98@4.59@260610@0.91@F@TP2@2.19|R@461.62@9.88@260716@2.08@T@TP3@4.72|A@474.47@11.36@n@n@n@n@5.43|B@490.82@13.26@n@n@n@n@6.34|D@508.87@15.35@n@n@n@n@7.34|C@538.07@18.73@n@n@n@n@8.95	-0.96	20	414.37	376.63	-1.77	386.57	0.9	379.14	368.05	-11.58
GOOG	344.59	1	False	8.26	null	345.67	341.7	344.64	[11.34, 17.44, 4.82, 5.84, 3.97]	325.63	R@348.08@0.42@260824@0.93@F@n@n|R@359.98@1.86@260922@1.16@F@n@n|R@370.89@3.18@260707@0.67@F@n@n|R@381.81@4.5@260805@1.38@T@n@n|P@404.47@7.25@n@n@n@n@n|A@411.2@8.06@n@n@n@n@n|B@419.77@9.1@n@n@n@n@n|D@429.22@10.24@n@n@n@n@n|C@444.52@12.09@n@n@n@n@n	54.88	11	379.72	340.15	0.43	339.97	-0.81	344.99	339.15	-3.94
PSX	269.79	2	False	8.56	null	271.82	266.27	266.75	[5.56, 11.89, 11.47, 9.46, 5.55]	248.51	R@277.12@0.86@260918@3.28@T@n@n|A@288.97@2.24@n@n@n@n@n|B@304.05@4.0@n@n@n@n@n|D@320.69@5.94@n@n@n@n@n|C@347.62@9.09@n@n@n@n@n	117.83	13	233.55	261.44	0.9	252.07	5.07	271.49	262.03	43.65
CMS	65.07	1	False	1.05	null	65.11	64.1	64.35	[0.85, 1.16, 0.98, 1.21, 1.01]	62.29	R@69.36@4.09@260908@0.93@F@TP1@1.54|R@72.44@7.02@260818@1.15@F@TP2@2.65|R@75.0@9.46@260527@0.8@F@TP3@3.57|R@76.39@10.78@260728@1.28@T@n@4.07|P@78.87@13.14@n@n@n@n@4.96|A@81.6@15.74@n@n@n@n@5.95|B@85.07@19.05@n@n@n@n@7.19|D@88.91@22.7@n@n@n@n@8.58|C@95.11@28.61@n@n@n@n@10.81	-7.42	21	68.83	64.84	-1.69	67.05	1.24	64.58	63.37	-14.6
EVRG	80.35	1	False	1.2	21	80.4	79.21	79.49	[1.18, 1.42, 0.75, 1.12, 1.19]	77.11	R@82.63@1.9@260908@1.08@F@n@n|R@83.66@2.76@260511@1.17@F@n@n|R@84.49@3.46@260526@0.8@F@n@n|R@88.12@6.49@260717@0.84@F@n@n|A@90.42@8.41@n@n@n@n@n|B@92.71@10.32@n@n@n@n@n|D@95.24@12.43@n@n@n@n@n|C@99.33@15.84@n@n@n@n@n	21.46	21	82.0	79.57	-0.76	80.88	1.36	79.66	78.54	-6.47
FAST	50.81	1	False	0.96	null	51.39	50.53	50.63	[0.84, 1.16, 0.61, 1.0, 0.86]	48.06	R@51.41@0.62@260924@1.53@T@n@n|R@52.15@1.39@260824@0.72@F@n@n|R@52.92@2.19@260811@1.12@F@n@n|A@55.33@4.69@n@n@n@n@n|B@58.4@7.88@n@n@n@n@n|D@61.78@11.39@n@n@n@n@n|C@67.26@17.08@n@n@n@n@n	112.58	9	44.06	49.88	0.72	50.21	1.46	50.99	49.99	9.25
SNPS	505.17	2	True	19.66	45	507.5	486.5	491.1	[30.33, 34.95, 16.79, 26.22, 21.0]	362.55	R@519.71@0.74@260511@0.78@F@n@n|R@539.48@1.74@260526@1.17@F@n@n|A@567.5@3.17@n@n@n@n@n|B@603.13@4.98@n@n@n@n@n|D@642.48@6.98@n@n@n@n@n|C@706.13@10.22@n@n@n@n@n	169.43	29	436.48	419.9	4.69	416.56	23.44	508.38	482.16	16.26
CLS	388.24	2	False	19.17	null	389.5	378.2	386.0	[23.24, 23.16, 11.45, 18.31, 11.3]	313.0	R@414.13@1.35@260615@0.68@F@TP1@1.32|R@435.0@2.44@260505@0.71@F@TP2@2.39|R@474.03@4.47@260602@1.79@T@TP3@4.39|A@510.49@6.38@n@n@n@n@6.25|B@556.86@8.8@n@n@n@n@8.62|D@608.06@11.47@n@n@n@n@11.24|C@690.89@15.79@n@n@n@n@15.47	114.43	29	340.0	352.09	5.55	331.8	9.03	393.72	375.41	7.62
BSY	35.97	1	False	1.34	20	36.3	34.54	34.92	[1.15, 0.84, 0.87, 2.17, 1.76]	30.36	R@37.26@0.96@260729@1.76@T@n@n|R@38.43@1.83@260827@1.0@F@n@n|A@39.69@2.77@n@n@n@n@n|B@41.29@3.96@n@n@n@n@n|D@43.05@5.27@n@n@n@n@n|C@45.91@7.4@n@n@n@n@n	314.52	10	33.81	32.13	-0.81	34.06	12.9	35.45	33.28	13.65
NOK	10.97	1	False	0.48	null	10.99	10.26	10.31	[0.36, 0.48, 0.3, 0.33, 0.73]	9.65	R@11.05@0.17@260921@1.05@F@TP1@0.16|R@13.13@4.52@260709@1.05@F@TP2@4.32|R@15.19@8.83@260514@1.13@F@TP3@8.44|R@17.45@13.56@260603@1.22@T@n@12.96|A@19.53@17.91@n@n@n@n@17.12|B@22.18@23.45@n@n@n@n@22.42|D@25.11@29.58@n@n@n@n@28.28|C@29.84@39.48@n@n@n@n@37.74	66.02	12	9.79	10.47	0.99	10.35	1.39	10.52	10.19	-8.2
GWRE	164.52	1	False	8.07	41	167.0	162.54	165.0	[4.74, 10.65, 5.18, 11.47, 4.46]	137.44	R@170.0@0.68@260729@1.25@T@TP1@0.4|R@207.49@5.33@260831@1.23@T@TP2@3.15|A@228.25@7.9@n@n@n@TP3@4.68|B@254.66@11.17@n@n@n@n@6.61|D@283.82@14.78@n@n@n@n@8.75|C@330.99@20.63@n@n@n@n@12.21	221.36	10	131.16	148.8	-4.22	166.94	9.34	163.99	152.52	21.2
PGR	212.05	1	False	4.34	null	213.66	211.34	211.99	[2.62, 3.9, 4.29, 4.52, 2.32]	200.96	R@215.99@0.91@260810@0.79@F@n@n|R@223.1@2.54@260729@0.93@F@n@n|R@225.45@3.08@260903@1.08@F@n@n|R@239.38@6.29@260707@0.87@F@n@n|A@253.03@9.43@n@n@n@n@n|B@270.39@13.43@n@n@n@n@n|D@289.56@17.84@n@n@n@n@n|C@320.57@24.98@n@n@n@n@n	6.1	24	189.2	212.08	-1.08	214.26	2.47	212.64	208.12	-8.95
YMM	8.44	1	False	0.2	28	8.5	8.31	8.38	[0.18, 0.2, 0.14, 0.26, 0.19]	7.99	R@8.47@0.15@260922@0.98@F@TP1@0.14|R@8.94@2.48@260826@0.98@F@TP2@2.27|R@9.35@4.5@260513@2.21@T@TP3@4.14|R@9.59@5.69@260602@0.75@F@n@5.23|P@9.76@6.53@n@n@n@n@6.0|A@10.39@9.65@n@n@n@n@8.86|B@11.18@13.56@n@n@n@n@12.45|D@12.06@17.92@n@n@n@n@16.45|C@13.48@24.95@n@n@n@n@22.91	161.47	11	7.46	8.22	-0.81	8.48	-0.12	8.45	8.19	-1.63
DLO	14.53	1	False	0.47	25	14.73	14.39	14.51	[0.25, 0.35, 0.42, 0.64, 0.34]	13.52	R@15.3@1.65@260814@2.58@T@n@n|R@15.65@2.4@260805@1.36@T@n@n|R@16.15@3.48@260903@0.98@F@n@n|A@16.59@4.42@n@n@n@n@n|B@17.14@5.6@n@n@n@n@n|D@17.75@6.91@n@n@n@n@n|C@18.74@9.03@n@n@n@n@n	52.79	24	14.55	14.25	-2.18	14.53	1.89	15.09	14.45	0.28
RELY	23.2	1	False	1.03	null	23.6	22.67	23.09	[0.36, 0.65, 0.74, 1.71, 0.93]	19.52	R@24.81@1.56@260707@0.52@F@n@n|R@25.75@2.47@260716@1.33@T@n@n|R@26.74@3.42@260814@1.21@T@n@n|R@27.48@4.14@260903@1.12@F@n@n|A@28.77@5.39@n@n@n@n@n|B@30.4@6.96@n@n@n@n@n|D@32.21@8.71@n@n@n@n@n|C@35.13@11.54@n@n@n@n@n	139.08	24	22.75	21.88	-4.32	23.84	9.02	23.42	21.71	0.43
BHP	87.0	1	False	2.12	null	87.51	86.02	87.25	[3.03, 1.43, 1.9, 1.81, 1.49]	82.93	R@88.31@0.62@260922@1.15@F@n@n|R@91.45@2.1@260513@1.6@T@n@n|R@93.7@3.16@260602@1.18@F@n@n|R@98.71@5.52@260825@1.03@F@n@n|A@102.04@7.08@n@n@n@n@n|B@106.27@9.08@n@n@n@n@n|D@110.94@11.28@n@n@n@n@n|C@118.5@14.84@n@n@n@n@n	43.28	11	86.48	86.05	-1.82	89.36	-0.95	87.37	85.56	11.11
COHU	73.1	2	False	3.54	null	74.83	72.3	74.83	[1.81, 3.32, 2.35, 4.06, 2.53]	48.14	R@74.6@0.42@260630@0.87@F@n@n|A@83.22@2.86@n@n@n@n@n|B@92.76@5.56@n@n@n@n@n|D@103.3@8.54@n@n@n@n@n|C@120.34@13.36@n@n@n@n@n	117.47	18	48.14	62.17	10.58	57.35	13.26	75.72	71.66	40.25
COHR	338.36	2	False	20.25	20	341.3	331.39	336.21	[17.25, 36.81, 22.93, 15.3, 9.91]	265.49	R@391.37@2.62@260807@2.06@T@TP1@1.48|R@413.0@3.69@260513@1.01@F@TP2@2.09|R@439.68@5.0@260622@1.48@T@TP3@2.84|A@466.25@6.32@n@n@n@n@3.58|B@499.63@7.97@n@n@n@n@4.51|D@536.49@9.79@n@n@n@n@5.55|C@596.12@12.73@n@n@n@n@7.21	158.95	12	343.51	302.63	3.9	300.34	9.01	341.76	326.46	6.72
PBR-A	21.62	1	False	0.68	24	22.0	21.58	21.99	[0.36, 0.33, 0.76, 1.18, 0.42]	18.36	P@22.72@1.61@n@n@n@n@n|A@23.91@3.36@n@n@n@n@n|B@25.41@5.56@n@n@n@n@n|D@27.08@8.01@n@n@n@n@n|C@29.77@11.95@n@n@n@n@n	293.06	10	18.36	19.3	2.32	18.15	14.15	22.72	21.54	40.03
AVPT	14.59	1	False	0.53	21	15.43	14.51	14.77	[0.63, 0.4, 0.26, 0.79, 0.92]	12.61	P@15.43@1.57@n@n@n@n@n|A@16.19@3.0@n@n@n@n@n|B@17.15@4.79@n@n@n@n@n|D@18.22@6.8@n@n@n@n@n|C@19.94@10.02@n@n@n@n@n	210.72	16	12.64	13.51	1.67	13.47	11.37	14.7	13.91	16.91
TREX	44.86	1	False	1.56	null	45.5	44.25	44.49	[1.06, 1.83, 1.72, 1.99, 1.25]	42.1	R@45.13@0.17@260928@1.27@T@n@n|R@46.4@0.99@260908@1.68@T@n@n|R@48.83@2.54@260714@2.37@T@n@n|R@50.34@3.51@260630@0.97@F@n@n|A@53.48@5.52@n@n@n@n@n|B@56.68@7.57@n@n@n@n@n|D@60.22@9.83@n@n@n@n@n|C@65.94@13.5@n@n@n@n@n	139.22	7	41.7	43.87	-0.28	45.39	1.65	44.92	42.93	-2.12
NVDA	239.24	1	False	5.82	30	243.37	238.93	242.1	[4.2, 4.13, 4.28, 4.95, 4.44]	208.93	P@243.37@0.71@n@n@n@n@n|A@252.74@2.32@n@n@n@n@n|B@264.65@4.36@n@n@n@n@n|D@277.81@6.62@n@n@n@n@n|C@299.09@10.28@n@n@n@n@n	165.13	23	208.93	224.89	1.01	222.69	4.53	240.1	235.15	17.21
VST	160.5	2	False	5.99	22	162.69	151.44	151.47	[7.32, 4.6, 8.23, 6.04, 11.25]	133.44	R@167.4@1.15@260526@1.43@T@n@n|R@171.35@1.81@260625@0.83@F@n@n|A@180.45@3.33@n@n@n@n@n|B@192.02@5.26@n@n@n@n@n|D@204.79@7.4@n@n@n@n@n|C@225.46@10.85@n@n@n@n@n	272.8	21	137.91	142.57	-0.11	142.44	14.31	146.94	140.9	3.67
AVGO	375.81	1	False	11.27	45	380.84	364.01	367.03	[7.21, 11.16, 9.93, 7.73, 16.83]	335.81	R@376.59@0.07@260828@0.85@F@n@n|R@407.52@2.81@260709@0.92@F@n@n|R@414.64@3.45@260622@0.74@F@n@n|R@429.31@4.75@260423@0.86@F@n@n|P@495.0@10.58@n@n@n@n@n|A@519.53@12.76@n@n@n@n@n|B@550.74@15.53@n@n@n@n@n|D@585.2@18.59@n@n@n@n@n|C@640.94@23.53@n@n@n@n@n	181.35	11	404.8	354.7	-0.45	365.16	3.09	363.87	356.14	-3.31
ALAB	389.8	2	False	22.97	null	401.74	371.83	376.1	[19.62, 12.85, 21.58, 18.92, 29.91]	251.63	R@499.48@4.77@260630@0.93@F@n@n|A@534.02@6.28@n@n@n@n@n|B@577.95@8.19@n@n@n@n@n|D@626.46@10.3@n@n@n@n@n|C@704.93@13.72@n@n@n@n@n	110.08	8	372.5	328.28	6.12	312.65	7.25	365.24	346.32	-0.85
TEX	56.77	1	False	2.33	null	58.41	56.67	57.45	[1.53, 3.79, 1.28, 3.1, 1.74]	51.22	R@66.33@4.11@260511@1.2@T@TP1@3.68|R@68.94@5.23@260810@0.48@F@TP2@4.68|R@71.5@6.33@260727@1.0@F@TP3@5.67|R@74.69@7.7@260625@1.39@T@n@6.89|A@78.83@9.48@n@n@n@n@8.48|B@84.1@11.74@n@n@n@n@10.51|D@89.91@14.24@n@n@n@n@12.75|C@99.32@18.29@n@n@n@n@16.37	-16.97	42	59.47	57.59	-2.71	61.18	-3.44	58.07	54.97	-11.67
MRVL	287.01	2	True	14.42	39	301.27	267.26	271.26	[8.76, 12.7, 8.41, 11.68, 34.01]	213.63	R@300.0@0.9@260630@0.52@F@n@n|R@324.2@2.58@260603@3.02@T@n@n|A@353.24@4.59@n@n@n@n@n|B@382.95@6.65@n@n@n@n@n|D@415.76@8.93@n@n@n@n@n|C@468.83@12.61@n@n@n@n@n	144.85	20	244.0	251.64	6.07	238.53	9.4	279.48	267.8	23.87
WRB	69.65	1	False	1.32	null	70.87	69.47	69.75	[1.08, 2.15, 0.96, 1.3, 1.4]	66.26	R@71.38@1.31@260818@0.88@F@n@n|R@73.9@3.21@260713@1.02@F@n@n|R@77.45@5.9@260728@0.76@F@n@n|A@79.87@7.72@n@n@n@n@n|B@82.94@10.05@n@n@n@n@n|D@86.34@12.62@n@n@n@n@n|C@91.83@16.76@n@n@n@n@n	59.19	17	68.56	69.08	0.04	69.13	2.17	69.98	68.68	-2.29
FLYW	18.22	1	False	0.55	null	18.31	17.96	18.25	[0.44, 0.62, 0.38, 0.64, 0.35]	16.67	R@18.92@1.27@260702@1.0@F@n@n|R@19.27@1.9@260903@0.69@F@n@n|R@19.73@2.73@260824@0.61@F@n@n|A@20.85@4.76@n@n@n@n@n|B@22.28@7.34@n@n@n@n@n|D@23.86@10.2@n@n@n@n@n|C@26.41@14.81@n@n@n@n@n	136.43	24	15.6	17.57	-0.9	18.08	5.68	18.2	17.56	3.35
CSCO	117.94	2	False	2.77	25	118.4	113.31	113.53	[1.65, 2.16, 3.23, 1.65, 5.09]	104.51	R@121.61@1.33@260710@1.02@F@TP1@1.25|R@124.71@2.45@260810@1.04@F@TP2@2.31|R@130.37@4.49@260604@0.78@F@TP3@4.24|A@134.94@6.14@n@n@n@n@5.8|B@140.75@8.24@n@n@n@n@7.78|D@147.17@10.56@n@n@n@n@9.98|C@157.55@14.32@n@n@n@n@13.52	253.56	18	113.57	109.38	0.61	110.63	10.8	113.19	111.54	3.62
VLTO	96.45	1	False	1.73	null	97.35	96.12	96.81	[2.22, 1.52, 1.01, 2.93, 1.23]	92.92	R@96.67@0.13@260717@1.19@F@n@n|R@97.58@0.65@260924@1.13@F@n@n|R@98.98@1.46@260807@0.66@F@n@n|R@101.0@2.63@260820@0.87@F@n@n|P@102.25@3.35@n@n@n@n@n|A@105.76@5.37@n@n@n@n@n|B@110.22@7.95@n@n@n@n@n|D@115.15@10.79@n@n@n@n@n|C@123.12@15.39@n@n@n@n@n	100.0	9	89.35	95.46	-0.38	96.66	0.69	96.72	93.79	5.13
VIA	30.83	2	False	1.36	27	31.7	30.66	31.0	[1.46, 1.02, 1.84, 1.54, 1.04]	25.32	P@31.7@0.64@n@n@n@n@n|A@33.44@1.92@n@n@n@n@n|B@35.64@3.53@n@n@n@n@n|D@38.08@5.33@n@n@n@n@n|C@42.02@8.22@n@n@n@n@n	119.13	29	25.32	28.39	2.61	27.64	8.67	30.99	29.45	72.04
BRZE	26.34	1	False	1.45	44	26.89	26.19	26.74	[2.45, 1.64, 0.94, 1.19, 0.7]	22.27	R@26.85@0.35@260729@1.11@F@n@n|R@28.72@1.64@260601@1.75@T@n@n|R@35.02@5.99@260828@0.76@F@n@n|A@38.85@8.63@n@n@n@n@n|B@43.73@12.0@n@n@n@n@n|D@49.11@15.71@n@n@n@n@n|C@57.82@21.73@n@n@n@n@n	145.65	28	20.93	24.92	-6.05	27.99	3.21	26.78	25.59	10.67
LEVI	20.53	1	False	0.53	null	20.69	20.23	20.36	[0.37, 0.79, 0.6, 0.53, 0.46]	19.16	R@21.54@1.92@260908@1.38@T@TP1@1.71|R@23.41@5.49@260507@1.2@T@TP2@4.88|R@24.03@6.67@260527@0.91@F@TP3@5.93|R@24.7@7.94@260615@0.86@F@n@7.07|P@25.7@9.85@n@n@n@n@8.76|A@26.58@11.52@n@n@n@n@10.25|B@27.7@13.66@n@n@n@n@12.15|D@28.93@16.0@n@n@n@n@14.24|C@30.93@19.81@n@n@n@n@17.63	156.1	11	22.47	19.94	-0.78	20.73	2.34	20.43	19.9	-15.76
CCL	26.58	2	False	0.91	52	26.71	25.82	25.94	[0.94, 0.65, 0.68, 0.6, 0.89]	21.45	R@28.05@1.61@260507@0.95@F@TP1@1.58|R@30.22@3.99@260805@0.91@F@TP2@3.91|R@31.6@5.5@260617@0.94@F@TP3@5.4|A@33.22@7.27@n@n@n@n@7.14|B@35.28@9.53@n@n@n@n@9.35|D@37.55@12.02@n@n@n@n@11.8|C@41.23@16.05@n@n@n@n@15.75	163.73	45	25.65	23.21	2.28	24.43	19.3	25.94	25.34	3.67
DLR	184.65	1	False	4.52	null	185.1	181.01	181.67	[3.32, 4.35, 3.13, 3.76, 4.09]	172.83	R@188.37@0.82@260921@0.78@F@n@n|R@192.09@1.64@260908@0.78@F@n@n|R@194.89@2.26@260522@0.86@F@n@n|R@201.56@3.74@260814@0.86@F@n@n|P@208.14@5.19@n@n@n@n@n|A@211.37@5.91@n@n@n@n@n|B@215.47@6.81@n@n@n@n@n|D@220.0@7.81@n@n@n@n@n|C@227.33@9.43@n@n@n@n@n	35.16	12	196.28	181.54	-1.03	186.42	-0.54	180.21	176.45	4.74
RKLB	75.06	1	False	4.04	23	78.28	73.66	74.76	[4.95, 3.22, 4.64, 2.44, 4.62]	60.51	R@75.46@0.1@260924@1.28@T@TP1@0.08|R@86.83@2.91@260810@1.73@T@TP2@2.38|R@107.6@8.05@260701@0.72@F@TP3@6.57|R@151.0@18.8@260527@1.0@F@n@15.34|A@171.95@23.98@n@n@n@n@19.57|B@198.59@30.58@n@n@n@n@24.96|D@228.01@37.86@n@n@n@n@30.9|C@275.6@49.64@n@n@n@n@40.51	114.27	9	73.99	68.7	3.2	69.87	4.28	73.81	71.37	-9.95
LYFT	15.76	1	False	0.52	null	15.93	15.53	15.85	[0.41, 0.45, 0.37, 0.36, 0.4]	14.45	R@16.52@1.48@260716@0.67@F@TP1@1.46|R@17.76@3.88@260811@0.88@F@TP2@3.85|A@19.2@6.68@n@n@n@TP3@6.62|B@20.75@9.69@n@n@n@n@9.6|D@22.47@13.03@n@n@n@n@12.9|C@25.24@18.41@n@n@n@n@18.23	125.98	24	13.49	15.24	-2.3	16.23	5.77	15.8	15.44	3.89
NU	15.66	1	False	0.65	26	15.69	15.33	15.45	[0.63, 0.57, 0.55, 0.62, 0.36]	12.13	R@15.84@0.28@260903@1.12@F@n@n|R@16.22@0.86@260814@1.98@T@n@n|A@17.0@2.06@n@n@n@n@n|B@17.98@3.57@n@n@n@n@n|D@19.07@5.25@n@n@n@n@n|C@20.83@7.95@n@n@n@n@n	156.41	10	13.37	13.92	-2.12	14.31	10.59	15.46	14.84	17.13
LNG	275.26	1	False	7.34	null	276.88	272.67	274.34	[3.48, 6.5, 10.75, 8.26, 4.21]	259.5	R@275.45@0.03@260430@0.89@F@n@n|R@281.0@0.78@260923@0.78@F@n@n|R@299.18@3.26@260901@1.36@T@n@n|A@312.66@5.09@n@n@n@n@n|B@329.81@7.43@n@n@n@n@n|D@348.75@10.01@n@n@n@n@n|C@379.38@14.18@n@n@n@n@n	49.2	10	249.61	272.41	-1.58	275.97	0.84	276.12	267.86	5.49
RAL	73.86	2	False	2.16	null	75.21	73.5	74.37	[1.4, 2.29, 2.68, 1.86, 1.71]	63.68	R@75.41@0.72@260625@1.28@T@n@n|A@78.02@1.92@n@n@n@n@n|B@81.34@3.46@n@n@n@n@n|D@85.0@5.15@n@n@n@n@n|C@90.93@7.89@n@n@n@n@n	173.38	39	65.82	69.07	3.56	67.34	7.04	74.89	73.03	8.39
NTAP	228.45	2	False	8.5	39	230.49	223.95	224.8	[7.6, 7.19, 15.65, 11.71, 6.54]	182.23	P@231.9@0.41@n@n@n@n@n|A@251.18@2.67@n@n@n@n@n|B@275.72@5.56@n@n@n@n@n|D@302.8@8.75@n@n@n@n@n|C@346.62@13.9@n@n@n@n@n	172.46	18	161.0	201.75	4.66	197.28	18.42	230.0	218.29	38.12
LYV	171.8	1	False	4.02	null	173.36	169.46	169.46	[3.69, 6.91, 2.87, 4.87, 3.9]	164.82	R@173.12@0.33@260514@0.73@F@n@n|R@176.0@1.05@260615@1.09@F@n@n|R@187.2@3.83@260731@2.5@T@n@n|R@189.25@4.34@260814@0.54@F@n@n|A@194.21@5.58@n@n@n@n@n|B@200.53@7.15@n@n@n@n@n|D@207.5@8.89@n@n@n@n@n|C@218.78@11.7@n@n@n@n@n	98.87	7	171.0	169.94	-0.9	175.72	1.15	171.95	167.08	-5.68
ASX	46.78	2	False	1.68	null	47.23	46.65	47.18	[0.77, 1.26, 2.23, 1.04, 0.58]	36.68	P@47.93@0.68@n@n@n@n@n|A@50.99@2.5@n@n@n@n@n|B@54.88@4.82@n@n@n@n@n|D@59.18@7.38@n@n@n@n@n|C@66.13@11.51@n@n@n@n@n	105.77	20	36.68	42.75	5.13	40.26	3.5	47.64	46.6	17.16
PEG	71.73	1	False	1.31	null	71.86	69.12	69.12	[0.99, 1.27, 1.05, 1.25, 2.74]	66.15	R@74.65@2.23@260908@0.96@F@TP1@1.24|R@76.62@3.73@260818@0.89@F@TP2@2.07|R@81.13@7.17@260526@1.09@F@TP3@3.98|R@82.16@7.96@260501@1.29@T@n@4.42|P@83.7@9.13@n@n@n@n@5.07|A@85.67@10.63@n@n@n@n@5.91|B@88.17@12.54@n@n@n@n@6.97|D@90.93@14.65@n@n@n@n@8.14|C@95.4@18.05@n@n@n@n@10.03	56.69	21	76.47	69.37	-1.76	71.84	3.78	68.79	67.54	-11.73
CRWD	278.86	2	True	11.28	39	286.99	276.0	278.0	[7.37, 10.0, 5.87, 5.9, 10.99]	204.27	P@286.99@0.72@n@n@n@n@n|A@315.75@3.27@n@n@n@n@n|B@352.34@6.51@n@n@n@n@n|D@392.74@10.09@n@n@n@n@n|C@458.09@15.89@n@n@n@n@n	131.51	27	181.24	248.7	6.32	229.25	11.52	274.23	268.33	45.91
VSAT	74.38	1	False	4.0	22	75.93	70.2	70.23	[2.78, 4.19, 3.37, 2.61, 5.73]	67.86	R@75.57@0.3@260612@1.18@F@n@n|R@78.31@0.98@260921@1.25@T@n@n|R@88.4@3.5@260806@1.04@F@n@n|R@93.03@4.66@260701@2.01@T@n@n|A@102.45@7.01@n@n@n@n@n|B@114.43@10.0@n@n@n@n@n|D@127.65@13.31@n@n@n@n@n|C@149.05@18.65@n@n@n@n@n	23.85	12	58.41	72.64	-0.28	73.95	-0.81	72.28	69.67	0.51
PFGC	93.78	1	False	2.16	null	94.26	93.02	93.49	[1.85, 1.8, 2.13, 1.89, 1.24]	88.95	R@94.6@0.38@260922@0.86@F@n@n|R@96.41@1.22@260506@1.96@T@n@n|R@98.13@2.01@260514@0.79@F@n@n|R@106.0@5.65@260612@0.76@F@n@n|P@117.48@10.96@n@n@n@n@n|A@119.97@12.11@n@n@n@n@n|B@123.14@13.58@n@n@n@n@n|D@126.64@15.2@n@n@n@n@n|C@132.3@17.82@n@n@n@n@n	67.21	11	108.32	92.21	-1.58	97.68	1.72	94.4	92.51	-15.92
OUST	44.91	2	False	2.65	null	46.09	44.41	44.66	[1.83, 2.81, 3.19, 2.83, 1.68]	32.24	R@49.39@1.69@260602@0.63@F@n@n|R@51.85@2.62@260817@1.17@F@n@n|R@63.79@7.12@260630@1.49@T@n@n|A@70.53@9.67@n@n@n@n@n|B@79.11@12.91@n@n@n@n@n|D@88.58@16.48@n@n@n@n@n|C@103.9@22.26@n@n@n@n@n	132.48	21	39.0	38.77	4.98	38.98	11.58	44.97	42.14	3.46
WAY	26.4	2	False	1.14	null	26.76	25.96	26.76	[1.06, 1.57, 0.94, 2.0, 0.8]	22.96	R@26.87@0.41@260828@0.73@F@n@n|A@28.46@1.81@n@n@n@n@n|B@29.95@3.11@n@n@n@n@n|D@31.6@4.56@n@n@n@n@n|C@34.27@6.9@n@n@n@n@n	95.44	16	22.96	25.27	0.3	25.15	3.0	26.63	24.63	16.2
PLTR	192.07	1	False	6.11	null	194.56	190.22	191.05	[3.99, 5.2, 6.52, 5.06, 4.34]	164.55	R@194.68@0.43@260924@0.82@F@n@n|A@203.0@1.79@n@n@n@n@n|B@213.46@3.5@n@n@n@n@n|D@225.01@5.39@n@n@n@n@n|C@243.69@8.44@n@n@n@n@n	85.01	9	164.55	182.03	1.98	179.35	3.83	192.69	187.63	45.27
STGW	8.5	1	False	0.28	21	8.57	8.44	8.57	[0.28, 0.4, 0.24, 0.33, 0.13]	8.05	R@8.99@1.76@260828@0.5@F@TP1@1.09|R@9.55@3.76@260813@0.74@F@TP2@2.33|A@10.26@6.31@n@n@n@TP3@3.91|B@11.17@9.57@n@n@n@n@5.93|D@12.17@13.15@n@n@n@n@8.16|C@13.79@18.96@n@n@n@n@11.76	33.9	23	6.93	8.41	-1.01	8.63	-0.12	8.8	8.47	10.82
EOG	144.28	1	False	3.51	21	145.12	142.72	143.16	[2.63, 4.62, 2.22, 5.19, 2.4]	137.35	R@145.7@0.4@260520@0.99@F@n@n|R@148.69@1.26@260731@1.0@F@n@n|R@153.67@2.68@260820@0.86@F@n@n|A@157.24@3.69@n@n@n@n@n|B@161.17@4.81@n@n@n@n@n|D@165.5@6.05@n@n@n@n@n|C@172.51@8.04@n@n@n@n@n	9.87	16	142.82	143.69	-0.86	145.06	3.41	145.23	140.04	4.86
PBF	82.88	2	False	4.6	null	83.53	80.75	82.6	[4.3, 5.19, 6.19, 5.03, 2.78]	68.4	P@85.08@0.48@n@n@n@n@n|A@89.62@1.47@n@n@n@n@n|B@95.39@2.72@n@n@n@n@n|D@101.76@4.1@n@n@n@n@n|C@112.07@6.35@n@n@n@n@n	140.83	12	68.4	76.2	2.02	74.32	16.01	85.08	80.05	56.67
STM	58.72	2	False	1.78	null	59.29	57.67	57.96	[0.85, 1.16, 2.17, 1.6, 1.62]	47.53	R@81.17@12.58@260622@0.74@F@TP1@8.25|A@92.61@18.99@n@n@n@TP2@12.46|B@106.84@26.96@n@n@n@TP3@17.69|D@122.55@35.76@n@n@n@n@23.47|C@147.97@50.0@n@n@n@n@32.81	202.66	21	40.29	52.19	2.45	51.88	9.94	57.71	56.11	-14.33
CDNS	359.55	2	False	11.86	null	361.91	354.27	355.14	[13.99, 17.18, 14.75, 8.15, 7.64]	273.07	R@365.01@0.46@260508@0.88@F@TP1@0.4|R@391.0@2.65@260713@0.59@F@TP2@2.28|R@403.38@3.7@260617@0.98@F@TP3@3.18|R@416.69@4.82@260602@1.39@T@n@4.15|A@439.85@6.77@n@n@n@n@5.83|B@469.3@9.26@n@n@n@n@7.97|D@501.82@12.0@n@n@n@n@10.33|C@554.43@16.44@n@n@n@n@14.15	134.14	29	331.56	310.34	4.09	315.1	18.68	360.15	352.0	-3.88
AMX	22.36	1	False	0.52	null	22.41	22.1	22.2	[0.79, 0.7, 0.63, 0.78, 0.31]	20.54	R@23.37@1.96@260909@1.02@F@n@n|R@23.92@3.02@260826@1.08@F@n@n|R@26.62@8.26@260717@0.9@F@n@n|R@27.8@10.54@260514@0.71@F@n@n|P@28.46@11.82@n@n@n@n@n|A@29.47@13.78@n@n@n@n@n|B@30.75@16.26@n@n@n@n@n|D@32.17@19.01@n@n@n@n@n|C@34.46@23.45@n@n@n@n@n	0.06	20	24.75	22.28	-1.62	22.82	0.31	22.3	21.52	-15.34
CRWV	91.72	1	False	5.12	23	93.21	88.6	88.6	[3.34, 4.38, 4.25, 3.76, 4.61]	78.27	R@94.3@0.5@260804@1.25@T@n@n|R@104.59@2.52@260908@1.78@T@n@n|R@117.49@5.04@260813@1.57@T@n@n|R@122.0@5.92@260617@0.94@F@n@n|P@138.25@9.09@n@n@n@n@n|A@147.82@10.96@n@n@n@n@n|B@160.0@13.34@n@n@n@n@n|D@173.45@15.97@n@n@n@n@n|C@195.2@20.22@n@n@n@n@n	92.81	9	103.05	86.69	0.46	89.14	5.72	90.85	87.09	1.91
TJX	137.03	1	False	2.9	30	137.24	134.53	134.94	[2.66, 2.29, 1.61, 2.81, 2.71]	122.78	R@155.74@6.45@260707@0.82@F@TP1@2.57|R@158.15@7.29@260717@1.01@F@TP2@2.9|R@160.89@8.23@260527@0.94@F@TP3@3.27|R@162.5@8.79@260807@0.93@F@n@3.49|P@170.0@11.37@n@n@n@n@4.52|A@174.8@13.03@n@n@n@n@5.18|B@180.91@15.14@n@n@n@n@6.02|D@187.66@17.46@n@n@n@n@6.95|C@198.57@21.23@n@n@n@n@8.44	145.59	43	152.34	129.74	0.47	135.37	4.77	136.15	133.34	-10.31
OUT	29.07	1	False	0.66	21	29.17	28.69	28.93	[0.39, 0.84, 0.8, 1.0, 0.48]	27.48	R@30.84@2.69@260825@0.74@F@TP1@2.19|R@33.22@6.31@260729@1.22@T@TP2@5.12|R@33.94@7.4@260526@1.08@F@TP3@6.01|R@34.96@8.95@260508@1.88@T@n@7.27|A@36.47@11.25@n@n@n@n@9.14|B@38.38@14.15@n@n@n@n@11.49|D@40.5@17.37@n@n@n@n@14.11|C@43.92@22.57@n@n@n@n@18.33	165.97	31	29.42	28.26	-0.72	29.05	3.12	29.11	28.11	-12.39
ZS	212.25	1	False	9.67	34	215.51	205.02	210.4	[5.98, 5.0, 6.89, 8.25, 10.49]	160.75	R@216.97@0.49@260924@0.65@F@n@n|A@232.68@2.11@n@n@n@n@n|B@252.67@4.18@n@n@n@n@n|D@274.74@6.46@n@n@n@n@n|C@310.44@10.15@n@n@n@n@n	102.31	9	159.2	195.61	3.94	187.16	0.98	205.2	196.95	47.86
SHEL	97.62	2	False	1.62	null	98.25	96.1	96.27	[0.95, 1.37, 1.41, 2.19, 2.15]	92.47	R@97.63@0.01@260928@1.23@T@n@n|R@99.16@0.95@260915@0.79@F@n@n|A@101.64@2.48@n@n@n@n@n|B@104.79@4.43@n@n@n@n@n|D@108.27@6.58@n@n@n@n@n|C@113.9@10.06@n@n@n@n@n	125.82	7	90.05	95.82	0.74	93.93	3.93	96.96	94.77	18.7
CRDO	220.83	1	False	14.5	40	226.6	209.61	213.0	[8.75, 16.05, 19.68, 14.9, 16.99]	149.14	R@241.14@1.4@260723@0.54@F@TP1@0.98|R@280.5@4.12@260706@0.67@F@TP2@2.86|R@308.67@6.06@260622@0.95@F@TP3@4.22|A@338.23@8.1@n@n@n@n@5.64|B@375.83@10.69@n@n@n@n@7.44|D@417.34@13.56@n@n@n@n@9.43|C@484.5@18.19@n@n@n@n@12.66	120.27	29	200.0	185.99	5.16	205.91	14.68	220.96	206.06	-14.64
GPGI	13.17	1	False	0.68	null	13.41	12.8	12.98	[0.44, 0.84, 0.66, 0.57, 0.61]	11.17	R@14.54@2.01@260903@1.47@T@TP1@1.78|R@15.79@3.85@260804@1.12@F@TP2@3.4|R@17.33@6.12@260706@0.66@F@TP3@5.4|R@17.96@7.04@260506@1.02@F@n@6.22|A@19.02@8.6@n@n@n@n@7.6|B@20.36@10.57@n@n@n@n@9.34|D@21.85@12.76@n@n@n@n@11.27|C@24.25@16.29@n@n@n@n@14.39	95.41	10	14.07	12.4	-2.31	12.86	4.52	13.18	12.61	-9.79
KLIC	97.92	2	False	4.03	30	101.64	97.17	101.07	[2.51, 2.97, 3.77, 3.79, 4.47]	78.31	R@98.0@0.02@260805@1.27@T@n@n|R@103.39@1.36@260817@1.04@F@n@n|R@107.01@2.26@260507@3.63@T@n@n|R@110.78@3.19@260602@0.87@F@n@n|P@135.8@9.4@n@n@n@n@n|A@146.5@12.05@n@n@n@n@n|B@160.11@15.43@n@n@n@n@n|D@175.14@19.16@n@n@n@n@n|C@199.45@25.19@n@n@n@n@n	121.68	18	96.46	88.65	5.17	87.6	9.36	101.94	98.15	-6.05
TXN	297.23	2	False	7.78	null	298.75	294.23	295.45	[4.28, 5.58, 8.86, 6.58, 4.52]	255.82	R@310.29@1.68@260514@0.64@F@n@n|R@315.34@2.33@260709@0.61@F@n@n|R@331.51@4.4@260527@0.91@F@n@n|A@350.39@6.83@n@n@n@n@n|B@371.2@9.5@n@n@n@n@n|D@394.18@12.46@n@n@n@n@n|C@431.35@17.23@n@n@n@n@n	165.74	18	273.88	273.62	3.17	269.55	9.51	295.33	288.75	-1.36
TSLA	380.68	1	False	12.18	null	383.33	378.52	381.98	[9.34, 5.99, 15.19, 16.68, 4.81]	345.88	R@384.04@0.28@260903@1.73@T@TP1@0.24|R@432.86@4.28@260701@0.84@F@TP2@3.74|R@445.6@5.33@260527@0.83@F@TP3@4.65|R@453.4@5.97@260513@1.09@F@n@5.21|A@477.71@7.97@n@n@n@n@6.95|B@508.64@10.51@n@n@n@n@9.17|D@542.78@13.31@n@n@n@n@11.61|C@598.02@17.85@n@n@n@n@15.57	117.17	8	364.02	366.72	0.37	358.51	0.47	381.59	364.91	-3.4
GLW	168.97	2	False	8.21	null	170.63	160.5	161.01	[7.79, 9.84, 5.64, 6.4, 10.13]	142.35	R@170.43@0.18@260807@0.74@F@n@n|R@176.94@0.97@260817@0.83@F@n@n|R@208.57@4.82@260603@0.77@F@n@n|R@271.78@12.52@260630@1.31@T@n@n|A@300.55@16.03@n@n@n@n@n|B@337.15@20.48@n@n@n@n@n|D@377.56@25.41@n@n@n@n@n|C@442.93@33.37@n@n@n@n@n	120.26	20	166.0	156.41	1.65	155.46	5.81	164.84	158.44	-8.18
DECK	81.66	1	False	2.21	null	82.14	79.2	80.83	[1.39, 1.87, 1.6, 1.59, 2.94]	77.2	R@83.0@0.61@260922@1.04@F@TP1@0.57|R@93.09@5.18@260824@1.22@T@TP2@4.86|R@104.88@10.52@260729@0.92@F@TP3@9.88|R@106.01@11.03@260507@1.12@F@n@10.36|P@116.5@15.78@n@n@n@n@14.83|A@119.59@17.18@n@n@n@n@16.14|B@123.53@18.96@n@n@n@n@17.82|D@127.87@20.93@n@n@n@n@19.66|C@134.9@24.11@n@n@n@n@22.66	125.8	11	105.13	79.31	-1.4	84.05	2.29	80.31	78.72	-20.11
GTES	28.25	2	False	0.86	null	28.54	27.83	28.14	[0.65, 0.94, 1.08, 0.84, 0.71]	24.82	R@29.17@1.07@260625@1.44@T@n@n|R@30.34@2.44@260804@1.58@T@n@n|A@31.87@4.22@n@n@n@n@n|B@33.83@6.5@n@n@n@n@n|D@35.98@9.01@n@n@n@n@n|C@39.47@13.08@n@n@n@n@n	218.88	20	24.7	26.33	1.92	26.36	8.03	28.18	27.34	9.84
ITUB	10.15	2	False	0.34	null	10.2	9.97	10.11	[0.36, 0.31, 0.4, 0.38, 0.23]	7.92	P@10.2@0.14@n@n@n@n@n|A@10.82@1.94@n@n@n@n@n|B@11.61@4.23@n@n@n@n@n|D@12.48@6.75@n@n@n@n@n|C@13.89@10.84@n@n@n@n@n	338.66	21	7.92	8.45	3.18	8.03	20.4	10.19	9.81	24.39
GME	24.76	2	False	0.88	44	25.2	24.47	25.04	[0.71, 0.69, 0.82, 1.01, 0.73]	18.97	R@25.25@0.56@260924@1.3@T@n@n|R@26.02@1.43@260423@1.2@T@n@n|R@26.88@2.41@260501@2.61@T@n@n|A@27.66@3.3@n@n@n@n@n|B@28.66@4.43@n@n@n@n@n|D@29.76@5.68@n@n@n@n@n|C@31.54@7.7@n@n@n@n@n	84.53	9	24.0	23.12	6.54	20.78	3.04	25.78	24.77	14.1
PINS	20.03	1	False	0.77	null	20.3	19.43	20.3	[0.75, 0.89, 0.48, 0.69, 0.87]	17.84	R@22.37@3.06@260605@0.92@F@TP1@2.13|R@23.79@4.92@260826@0.94@F@TP2@3.42|R@24.71@6.12@260505@3.55@T@TP3@4.25|R@25.73@7.45@260804@1.97@T@n@5.18|A@26.87@8.94@n@n@n@n@6.22|B@28.31@10.82@n@n@n@n@7.53|D@29.91@12.92@n@n@n@n@8.98|C@32.49@16.29@n@n@n@n@11.33	193.05	11	21.55	18.93	-1.6	20.77	8.92	20.14	19.45	-11.1
MNST	43.25	1	False	0.97	21	43.47	42.88	43.25	[0.73, 0.95, 0.88, 0.93, 0.59]	41.05	R@44.33@1.11@260518@0.89@F@n@n|R@44.93@1.72@260527@1.03@F@n@n|R@49.24@6.15@260825@0.43@F@n@n|R@50.17@7.1@260717@2.61@T@n@n|A@50.93@7.89@n@n@n@n@n|B@51.9@8.88@n@n@n@n@n|D@52.97@9.98@n@n@n@n@n|C@54.7@11.76@n@n@n@n@n	-8.6	13	47.37	43.35	-0.8	44.82	-2.3	43.64	42.71	-9.1
NTNX	73.41	2	False	1.96	34	74.04	72.6	73.8	[1.35, 2.12, 0.93, 1.9, 1.44]	65.25	R@74.42@0.52@260827@2.8@T@n@n|A@80.43@3.59@n@n@n@n@n|B@88.08@7.5@n@n@n@n@n|D@96.53@11.83@n@n@n@n@n|C@110.19@18.81@n@n@n@n@n	168.49	11	52.31	69.39	1.75	68.14	6.01	74.19	72.29	36.12
SN	184.72	2	False	5.97	21	185.69	182.38	183.47	[5.2, 4.08, 3.33, 5.15, 3.31]	157.01	R@191.22@1.09@260811@1.01@F@n@n|R@194.54@1.64@260828@0.75@F@n@n|A@199.17@2.42@n@n@n@n@n|B@205.06@3.41@n@n@n@n@n|D@211.56@4.5@n@n@n@n@n|C@222.08@6.26@n@n@n@n@n	111.04	15	177.52	173.3	1.05	178.19	9.3	186.33	181.18	26.1
LTH	40.38	1	False	1.33	null	40.82	39.99	40.22	[0.76, 1.36, 1.01, 1.14, 0.83]	36.52	R@41.79@1.06@260626@3.23@T@n@n|R@43.96@2.69@260720@1.06@F@n@n|R@46.31@4.45@260819@0.71@F@n@n|R@47.24@5.15@260730@1.84@T@n@n|A@48.86@6.36@n@n@n@n@n|B@50.92@7.91@n@n@n@n@n|D@53.2@9.62@n@n@n@n@n|C@56.88@12.38@n@n@n@n@n	-12.93	35	41.28	40.45	-1.51	42.26	5.73	41.06	39.92	-2.7
FLEX	121.38	1	False	5.33	20	121.84	116.2	118.01	[4.42, 5.44, 3.85, 4.98, 5.64]	105.85	R@131.63@1.92@260817@0.59@F@TP1@1.42|R@147.34@4.87@260513@1.13@F@TP2@3.6|R@165.89@8.35@260625@0.85@F@TP3@6.17|A@179.25@10.86@n@n@n@n@8.03|B@195.02@13.82@n@n@n@n@10.21|D@212.42@17.08@n@n@n@n@12.63|C@240.58@22.37@n@n@n@n@16.53	187.62	8	121.3	112.4	1.49	113.42	6.06	121.48	116.5	-8.99
KVYO	16.6	1	False	0.92	null	17.0	16.32	16.88	[0.79, 0.53, 0.75, 0.94, 0.68]	14.77	R@17.07@0.51@260924@0.93@F@n@n|R@18.54@2.12@260720@0.81@F@n@n|R@19.56@3.23@260813@1.45@T@n@n|R@20.92@4.72@260902@0.92@F@n@n|P@23.52@7.55@n@n@n@n@n|A@24.94@9.1@n@n@n@n@n|B@26.74@11.07@n@n@n@n@n|D@28.73@13.24@n@n@n@n@n|C@31.95@16.76@n@n@n@n@n	76.64	9	18.31	16.13	-4.52	17.4	4.6	16.75	15.81	0.0
ESTC	94.6	2	False	3.88	31	98.6	94.31	96.08	[3.83, 3.62, 1.92, 3.55, 4.29]	82.15	R@108.0@3.45@260828@3.48@T@TP1@2.88|A@115.95@5.5@n@n@n@TP2@4.59|B@126.05@8.1@n@n@n@TP3@6.76|D@137.21@10.98@n@n@n@n@9.16|C@155.26@15.63@n@n@n@n@13.05	170.86	28	78.79	88.92	0.52	87.87	6.03	95.55	92.0	57.46
XOM	164.48	1	False	3.48	null	165.95	162.94	163.06	[2.57, 3.27, 3.06, 3.35, 3.01]	155.85	R@164.91@0.12@260924@0.85@F@n@n|R@168.64@1.2@260820@0.97@F@n@n|A@173.54@2.6@n@n@n@n@n|B@178.49@4.03@n@n@n@n@n|D@183.96@5.6@n@n@n@n@n|C@192.81@8.14@n@n@n@n@n	53.57	9	155.32	163.19	0.25	162.33	3.64	164.74	161.39	16.55
BE	295.78	1	False	19.76	null	300.8	285.64	295.25	[23.56, 14.77, 14.49, 9.62, 15.16]	249.05	R@302.35@0.33@260929@1.35@T@n@n|R@322.83@1.37@260522@0.88@F@n@n|R@351.28@2.81@260625@1.16@F@n@n|A@384.1@4.47@n@n@n@n@n|B@425.85@6.58@n@n@n@n@n|D@471.95@8.91@n@n@n@n@n|C@546.52@12.69@n@n@n@n@n	147.87	6	230.61	274.83	4.36	248.35	6.96	291.96	282.34	16.32
LIN	489.95	1	False	8.45	null	492.1	482.69	482.87	[6.01, 9.63, 12.86, 9.36, 9.41]	454.19	R@494.5@0.54@260826@0.82@F@TP1@0.44|R@521.23@3.7@260522@0.72@F@TP2@3.03|R@525.87@4.25@260615@1.19@F@TP3@3.47|R@548.2@6.89@260707@0.82@F@n@5.63|A@559.47@8.23@n@n@n@n@6.72|B@573.8@9.92@n@n@n@n@8.11|D@589.62@11.8@n@n@n@n@9.64|C@615.22@14.82@n@n@n@n@12.12	219.54	30	506.78	468.72	-0.07	476.06	5.39	485.94	476.58	-7.15
PYPL	54.61	1	False	1.55	null	54.88	54.0	54.39	[1.65, 0.95, 0.78, 1.99, 0.88]	50.8	R@55.55@0.61@260925@1.41@T@n@n|R@57.67@1.97@260716@1.66@T@n@n|R@59.47@3.14@260729@0.94@F@n@n|R@62.73@5.24@260820@1.06@F@n@n|A@64.05@6.09@n@n@n@n@n|B@65.72@7.17@n@n@n@n@n|D@67.57@8.36@n@n@n@n@n|C@70.56@10.29@n@n@n@n@n	137.39	8	57.89	53.32	-0.43	55.96	3.25	54.42	52.43	22.64
OKTA	218.67	2	False	9.44	39	226.44	216.68	222.38	[7.46, 8.61, 6.21, 8.68, 9.76]	166.17	P@226.44@0.82@n@n@n@n@n|A@253.32@3.67@n@n@n@n@n|B@287.52@7.29@n@n@n@n@n|D@325.28@11.29@n@n@n@n@n|C@386.36@17.76@n@n@n@n@n	133.05	29	127.6	196.01	6.29	174.11	11.21	219.68	211.0	48.99
CARR	56.1	1	False	1.51	null	56.71	55.62	55.95	[1.0, 1.24, 1.29, 1.59, 1.09]	52.96	R@56.79@0.46@260925@1.01@F@n@n|R@60.36@2.82@260908@0.97@F@n@n|R@69.04@8.58@260430@2.23@T@n@n|R@69.86@9.12@260727@1.26@T@n@n|P@76.76@13.69@n@n@n@n@n|A@81.01@16.51@n@n@n@n@n|B@86.43@20.1@n@n@n@n@n|D@92.4@24.06@n@n@n@n@n|C@102.07@30.46@n@n@n@n@n	39.57	8	61.12	55.59	-1.39	57.91	1.52	55.94	54.35	-15.94
IOT	41.74	1	False	2.01	41	42.99	41.44	42.7	[1.11, 2.41, 0.99, 2.39, 1.55]	36.4	R@42.0@0.13@260814@0.88@F@n@n|R@45.12@1.68@260904@3.9@T@n@n|A@47.42@2.82@n@n@n@n@n|B@50.34@4.27@n@n@n@n@n|D@53.57@5.88@n@n@n@n@n|C@58.79@8.47@n@n@n@n@n	118.26	23	36.67	39.61	1.08	39.69	9.1	44.21	41.82	14.54
QQQ	759.66	1	False	9.16	null	762.86	759.1	760.52	[5.64, 8.42, 7.01, 7.84, 3.76]	700.0	P@762.86@0.35@n@n@n@n@n|A@779.96@2.22@n@n@n@n@n|B@801.71@4.59@n@n@n@n@n|D@825.72@7.21@n@n@n@n@n|C@864.57@11.46@n@n@n@n@n	126.32	11	700.0	731.71	1.21	724.55	1.63	756.92	749.08	6.78
