# DICT source: 1=elder_list; 2=longlist; 3=qs
ticker	entry	source	held	atr_14d	days_to_earnings	bracket.risk_pct	bracket.rr	bracket.stop	cohort_hit_rate_20d	cohort_n	elder_context.volume.avg_vol_20d	gap_risk_flag	high_52w	low_52w	vol_30d_ann
NCLH	14.64	1	False	0.6	23	6.9	4.44	13.63	49.2	4041	19556953	False	25.02	14.12	0.3135
FROG	97.59	1	False	5.19	24	null	null	null	52.9	700	1731418	False	104.03	34.75	0.6155
DOCS	28.5	1	False	1.19	24	5.72	10.41	26.87	49.2	1002	2970767	False	73.53	18.01	0.4335
SNDK	1787.69	2	False	102.32	null	null	null	null	44.4	13032	9437668	False	2335.0	116.91	0.6647
XLK	197.81	2	False	3.17	null	null	null	null	42.4	1320	7200268	False	198.21	127.5	0.1947
MGNI	25.44	1	False	1.09	23	null	null	null	44.4	13032	2307189	False	25.67	11.2	0.4821
CIEN	379.14	1	False	22.26	49	null	null	null	50.7	854	2876003	False	627.0	151.45	0.6912
VIA	30.22	2	False	1.33	30	null	null	null	42.4	1320	930082	False	53.93	13.31	0.387
ITUB	8.45	1	False	0.24	null	3.31	4.0	8.17	55.8	9479	24973049	False	9.57	6.76	0.338
HON	213.8	1	False	4.39	null	2.67	3.16	208.1	59.5	294	3002711	False	260.14	197.32	0.1912
P	134.13	2	False	6.5	42	null	null	null	null	0	7611083	False	134.13	56.99	0.7208
ACA	146.5	2	False	0.45	null	0.46	11.09	145.83	44.4	13032	747143	False	146.62	89.15	0.0263
OKTA	212.63	2	False	9.72	42	null	null	null	null	0	3957764	False	212.63	62.93	0.9176
CLS	373.09	2	False	20.0	null	null	null	null	null	0	2382687	False	472.4	233.67	0.6206
VVV	30.78	1	False	1.03	33	4.91	4.2	29.27	56.2	582	3011643	False	40.27	26.62	0.4066
DDOG	276.46	2	False	12.19	24	null	null	null	null	0	3471383	False	288.15	102.62	0.5119
SNPS	490.54	2	False	19.22	48	null	null	null	42.4	1320	2260616	False	534.56	367.7	0.6527
STM	53.5	2	False	1.65	null	3.29	15.72	51.74	null	0	8404258	False	79.91	21.2	0.3648
LRCX	340.1	2	False	13.95	null	5.45	5.31	321.58	50.4	922	9546029	False	433.33	131.37	0.5218
KLAC	200.33	1	False	7.58	null	6.42	8.32	187.46	42.4	1320	9524813	False	301.71	98.28	0.4371
CCL	25.07	1	False	0.92	55	6.46	3.18	23.45	56.2	582	26345523	False	33.99	21.79	0.482
KSS	18.92	1	False	0.95	37	null	null	null	null	0	3849425	False	24.71	11.72	0.5941
WRBY	27.49	1	False	1.67	24	null	null	null	42.4	1320	3588940	False	30.34	16.49	0.6832
STRC	99.5	2	False	0.78	28	null	null	null	45.0	100	1547308	False	100.07	74.57	0.0932
DT	59.26	2	False	1.75	23	null	null	null	null	0	6901557	False	59.26	32.36	0.3332
SYNA	106.15	1	False	4.46	24	4.7	5.94	101.16	42.4	1320	578348	False	147.57	58.52	0.5374
AIG	75.43	1	False	1.46	23	1.96	2.36	73.95	44.4	13032	5100107	False	86.59	71.89	0.1791
ZETA	32.4	2	False	1.49	null	null	null	null	45.0	100	5672529	False	32.68	14.55	0.5033
WBD	30.95	2	False	0.36	24	null	null	null	null	0	48508811	False	30.95	17.1	0.314
CRWD	266.09	2	True	11.75	42	null	null	null	null	0	10895736	False	266.09	87.56	0.831
HNGE	97.94	1	False	4.13	null	null	null	null	50.7	854	1797708	False	97.94	31.17	0.4453
HPE	64.58	1	False	3.61	44	null	null	null	null	0	25780924	False	64.58	20.0	0.6975
TJX	133.59	1	False	2.96	33	3.29	5.59	129.2	59.5	294	9255189	False	168.41	122.84	0.2288
RCL	269.99	1	False	10.32	null	null	null	null	56.2	582	3265924	False	348.03	230.3	0.4006
JCI	151.77	1	False	3.46	23	null	null	null	42.4	1320	3330954	False	154.76	105.55	0.2746
ACMR	83.58	2	False	5.0	23	8.29	6.29	76.65	56.0	430	1115587	False	126.89	29.67	0.6372
RXO	21.36	1	False	1.07	24	6.37	5.34	20.0	56.2	582	1805938	False	29.3	10.48	0.4344
CRWV	88.57	1	False	5.23	26	null	null	null	59.5	294	30459694	False	143.08	60.82	0.6075
EMR	158.57	2	False	3.84	23	2.69	3.92	154.31	43.4	553	2398500	False	164.38	123.3	0.2502
ACN	212.3	1	False	9.58	54	null	null	null	53.3	989	6626650	False	288.54	124.44	0.5795
MKSI	271.24	1	False	11.51	23	5.42	3.67	256.54	56.0	430	1278908	False	444.8	121.26	0.5007
TDC	29.92	1	False	0.99	null	3.71	3.9	28.81	44.4	13032	1596588	False	37.88	20.42	0.3048
MRNA	188.94	2	False	13.65	24	null	null	null	null	0	14706265	False	203.46	22.36	1.1631
COHR	319.19	1	False	21.37	23	7.09	2.01	296.55	55.8	9479	6708050	False	426.89	109.37	0.7638
CDNS	350.73	2	False	12.19	null	null	null	null	56.0	430	2807199	False	416.39	265.66	0.4644
MU	1097.39	2	False	47.29	58	4.54	4.6	1047.57	null	0	26155511	False	1213.56	181.6	0.4821
MSFT	512.8	2	False	11.73	null	null	null	null	null	0	21528056	False	542.07	352.83	0.2186
ET	20.1	3	False	0.36	null	null	null	null	null	null	null	null	21.73	16.21	0.1356
DRH	12.51	1	False	0.28	null	null	null	null	44.4	13032	3135293	False	13.38	7.5	0.1964
TXN	281.31	2	False	7.56	null	3.89	2.65	270.36	null	0	5823855	False	332.28	153.33	0.2561
WDC	462.56	1	False	26.13	null	null	null	null	59.5	294	6788660	False	746.23	113.13	0.4614
TENB	36.11	1	False	2.15	23	null	null	null	44.4	13032	4773435	False	42.65	16.04	0.7784
MRVL	268.08	2	True	13.09	42	8.98	2.33	244.0	null	0	17767508	False	316.43	73.73	0.6498
AVPT	14.08	1	False	0.5	24	null	null	null	52.9	700	2122468	False	15.25	8.99	0.4215
CAT	826.35	1	False	22.6	23	null	null	null	59.5	294	2325835	False	1064.9	480.82	0.2478
SHOP	149.09	2	False	6.63	null	6.12	2.5	139.96	55.7	212	10482118	False	179.01	95.4	0.532
FTNT	178.72	2	True	6.46	23	null	null	null	null	0	3963233	False	178.76	75.23	0.4954
LION	11.25	1	False	0.43	24	null	null	null	49.2	4041	3065070	False	16.4	5.91	0.3521
GME	24.11	2	False	0.88	47	null	null	null	null	0	10158238	False	27.69	17.87	0.3969
PBF	82.34	1	False	4.55	null	null	null	null	53.3	989	3942956	False	82.34	26.02	0.6209
TSM	459.2	2	False	10.23	null	3.74	2.1	442.04	null	0	10056202	False	477.57	275.06	0.2488
NTRA	408.47	2	True	13.25	24	null	null	null	null	0	1601900	False	414.52	160.21	0.3404
TPR	119.24	1	False	3.53	24	5.98	3.84	112.11	55.8	9479	3194230	False	164.78	98.81	0.3039
AMAT	529.3	1	False	19.65	29	7.89	5.04	487.56	50.4	922	6335714	False	723.0	209.95	0.459
APLE	16.37	1	False	0.31	24	null	null	null	42.4	1320	2585174	False	17.07	11.17	0.1956
SDGR	30.46	2	False	1.8	23	null	null	null	null	0	2613872	False	31.05	11.07	0.9198
A	166.68	2	False	4.96	36	4.75	2.54	158.77	null	0	2466600	False	175.21	110.24	0.3253
AMD	615.73	2	False	23.78	22	null	null	null	null	0	22427521	False	630.63	164.01	0.5036
STX	945.57	2	False	48.24	null	null	null	null	42.4	1320	3767408	False	1094.04	211.63	0.5088
ONTO	314.88	2	False	14.94	24	null	null	null	50.4	922	832626	False	378.45	121.34	0.6238
ALAB	356.42	2	False	21.95	22	8.24	4.87	327.05	null	0	4170831	False	483.02	100.27	0.8234
ICHR	62.48	1	False	3.35	null	7.28	3.12	57.93	50.4	922	702970	False	112.28	14.25	0.5847
CHRW	153.14	1	False	4.24	23	null	null	null	55.8	9479	1401900	False	209.42	124.39	0.2722
NVDA	230.86	1	False	5.83	33	null	null	null	43.4	553	109873885	False	235.74	165.17	0.3849
LITE	1045.78	2	False	67.15	null	null	null	null	42.4	1320	4823901	False	1053.09	149.61	0.7668
TTAN	67.34	1	False	4.38	44	10.14	2.19	60.51	56.2	582	4541203	False	110.31	54.25	1.23
RBRK	115.4	2	False	5.33	44	null	null	null	null	0	3112704	False	115.57	43.81	0.8095
MXL	92.12	2	False	6.42	null	null	null	null	null	0	2937923	False	128.03	13.05	0.8415
FRSH	13.15	1	False	0.48	null	4.41	2.12	12.57	44.4	13032	4392694	False	13.92	6.88	0.4133
CRDO	210.17	1	False	13.71	43	null	null	null	43.4	553	8970492	False	302.52	87.81	0.9733
COHU	70.34	2	False	3.52	null	null	null	null	42.4	1320	980564	False	73.91	18.74	0.7727
GLW	160.42	2	False	8.29	null	null	null	null	59.5	294	8442113	False	255.69	78.03	0.64
PLTR	190.04	2	False	6.25	null	null	null	null	null	0	23982922	False	207.18	107.27	0.4455
CGNX	62.22	1	False	2.1	null	null	null	null	55.8	9479	1521236	False	72.42	34.8	0.39
RVMD	205.89	1	False	7.56	23	null	null	null	42.5	944	2036445	False	221.15	45.7	0.3359
ESTC	92.31	1	False	4.0	34	7.88	3.25	85.04	44.4	13032	2043943	False	99.91	43.3	0.713
INFY	11.35	1	False	0.36	null	null	null	null	49.2	4041	17177825	False	20.22	10.49	0.3466
NTNX	71.52	2	False	2.06	37	4.05	3.07	68.62	45.0	100	2324567	False	76.92	34.41	0.288
LSCC	128.86	1	False	5.36	null	null	null	null	42.4	1320	1718154	False	155.27	61.73	0.5354
ELF	104.09	1	False	4.22	23	null	null	null	null	0	1433748	False	145.07	49.57	0.4087
ATI	191.14	1	False	7.77	null	6.04	4.54	179.59	44.4	13032	1615620	False	231.78	80.04	0.3678
GEV	987.45	1	False	36.28	null	4.57	2.38	942.32	56.0	430	2120834	False	1174.86	547.96	0.4304
ASX	44.73	2	False	1.69	null	null	null	null	null	0	6933558	False	45.31	11.08	0.4576
GTX	26.25	1	False	0.82	null	3.12	7.59	25.43	55.8	9479	2499053	False	36.23	12.49	0.3051
ADI	404.6	2	False	10.86	37	3.63	2.12	389.91	42.4	1320	3286372	False	445.48	225.2	0.2972
TER	415.79	2	False	19.27	null	null	null	null	42.4	1320	2462008	False	483.84	132.08	0.6184
UMC	25.21	2	False	0.93	null	7.26	2.05	23.38	null	0	10822244	False	28.02	7.02	0.4766
S	24.67	2	False	1.13	44	null	null	null	49.2	1002	8952224	False	24.67	11.94	0.6847
SHO	11.31	1	False	0.2	25	2.03	2.78	11.08	56.0	430	2007438	False	11.92	8.73	0.1288
INTC	120.0	2	False	6.07	null	null	null	null	null	0	111218549	False	140.94	33.62	0.6428
NTAP	215.05	2	False	7.75	42	null	null	null	50.4	922	2567531	False	215.05	94.11	0.3955
YOU	41.74	1	False	1.68	24	10.45	3.68	37.38	56.2	582	2158492	False	62.36	29.61	0.3126
TWLO	301.27	2	False	14.13	null	null	null	null	null	0	2581742	False	301.27	102.7	0.5511
PANW	396.25	2	False	17.56	33	null	null	null	null	0	6370454	False	397.31	141.67	0.6939
APH	85.67	2	False	2.8	null	3.85	2.01	82.37	56.0	430	12264246	False	88.16	59.58	0.3491
TEL	217.76	1	False	6.02	23	null	null	null	56.0	430	1884149	False	249.0	195.84	0.2911
