# DICT choch_state: 1=BEARISH; 2=BULLISH
# DICT mp_accel_state: 1=ACCELERATING; 2=DECELERATING; 3=FLAT
# DICT mp_state: 1=BUILDING; 2=FADING; 3=STRONG
# DICT sector_trend_state: 1=Declining — Avoid; 2=Momentum Building — Add; 3=Momentum Fading — Hold, Don't Add; 4=Recovering From Weakness — Watch for Entry
# DICT source: 1=elder_list; 2=longlist
# DICT structure_shift: 1=ABOVE_STRUCTURE; 2=BEARISH_CHOCH; 3=BULLISH_BOS; 4=RANGE
ticker	entry	source	held	atr_14d	days_to_earnings	choch_state	day_vol	elder_5d	elder_context.vcp.base_range_pct	elder_context.vcp.vcp_tightness_pct	inside_bar	ma_20	ma_200	ma_50	mp_accel_state	mp_state	pin_bar_state	sc_momentum	sector_trend_state	sma_distance_pct	squeeze_breakout_state	squeeze_breakout_volume_confirmed	structure_shift	was_squeezed
TJX	137.03	1	False	2.9	30	1	0.9	[6, 9, 6, 9, 10]	11.1	38.8	False	129.74	152.36	140.22	1	1	NONE	58.7	2	-2.27	NONE	False	2	False
NTNX	73.41	2	False	1.96	34	2	1.76	[7, 8, 10, 10, 10]	12.8	47.0	True	69.39	50.75	66.66	1	1	NONE	78.7	3	10.12	NONE	False	1	False
COST	935.68	1	False	15.49	46	2	0.74	[4, 5, 8, 9, 9]	5.9	61.0	False	909.37	962.1	932.58	1	1	NONE	56.5	4	0.33	BREAKOUT_UP	False	3	False
LW	47.91	1	False	1.93	52	1	4.23	[0, 0, 3, 5, 9]	21.0	100.0	False	45.57	45.73	50.08	1	1	NONE	45.8	4	-4.34	NONE	False	2	False
AIG	75.11	1	False	1.42	null	1	1.03	[3, 8, 5, 8, 8]	5.3	54.7	False	75.1	77.0	76.42	1	1	NONE	39.2	4	-1.72	NONE	False	4	True
CART	45.47	1	False	1.58	23	2	0.71	[3, 3, 3, 8, 9]	17.8	42.3	False	45.27	42.59	47.45	1	1	NONE	27.7	2	-4.16	NONE	False	4	False
ILMN	273.54	2	False	13.99	null	2	1.02	[7, 7, 7, 10, 7]	42.9	36.2	False	248.3	164.23	222.56	3	3	NONE	66.6	1	22.9	NONE	False	1	False
LIN	489.95	1	False	8.45	null	1	1.47	[9, 4, 9, 9, 10]	8.0	77.8	False	468.72	486.86	479.61	1	1	NONE	61.9	4	2.16	NONE	False	2	False
EXTR	24.54	2	False	0.85	20	2	1.15	[5, 7, 9, 10, 10]	16.9	89.3	False	22.08	21.46	23.58	1	3	NONE	65.5	3	4.07	NONE	False	1	False
QQQ	759.66	1	False	9.16	null	2	0.77	[6, 6, 9, 9, 10]	8.6	41.3	False	731.71	670.12	719.81	1	2	NONE	57.5	null	5.54	NONE	False	3	False
AXTA	33.4	1	False	0.86	null	1	1.22	[3, 0, 3, 5, 8]	12.8	60.5	False	32.89	32.18	35.02	1	1	NONE	36.0	4	-4.62	NONE	False	4	False
TENB	39.47	2	False	2.01	null	2	0.7	[8, 9, 10, 10, 10]	28.1	46.2	False	35.57	27.04	35.4	1	1	NONE	73.0	3	11.49	NONE	False	3	False
CARR	56.1	1	False	1.51	null	1	0.5	[2, 5, 5, 7, 8]	12.0	40.7	False	55.59	61.65	58.96	2	2	NONE	37.9	2	-4.86	NONE	False	2	True
OKTA	218.67	2	False	9.44	39	2	0.79	[10, 10, 7, 10, 7]	30.7	32.5	False	196.01	113.43	167.97	1	2	NONE	71.9	3	30.18	NONE	False	1	False
ESTC	94.6	2	False	3.88	31	2	0.77	[7, 8, 10, 10, 10]	18.2	57.1	False	88.92	65.26	84.04	1	1	NONE	67.9	3	12.56	NONE	False	4	False
HPE	70.48	1	False	3.61	41	2	0.73	[10, 10, 10, 10, 10]	25.7	55.4	False	61.92	37.36	56.59	1	2	NONE	58.6	3	24.56	NONE	False	1	False
ED	105.12	1	False	1.66	21	1	1.49	[0, 3, 3, 5, 8]	6.4	47.4	False	104.48	107.95	106.74	1	1	NONE	37.6	2	-1.52	NONE	False	2	False
RXO	28.54	2	False	1.45	21	2	2.81	[9, 10, 10, 10, 10]	44.3	81.6	True	21.0	19.7	21.35	1	3	NONE	81.5	2	33.7	NONE	False	1	False
GOOG	344.59	1	False	8.26	null	2	0.69	[7, 0, 5, 7, 9]	10.0	51.0	False	340.15	337.8	342.63	1	1	NONE	51.1	4	0.57	NONE	False	2	True
CNP	38.56	1	False	0.67	null	1	0.94	[3, 3, 7, 8, 9]	10.0	58.3	False	37.9	41.38	39.44	1	1	NONE	46.1	2	-2.23	NONE	False	2	False
ATI	194.69	1	False	7.48	null	2	0.51	[5, 8, 9, 9, 9]	16.5	41.7	True	190.3	167.91	202.35	1	2	NONE	43.1	2	-3.78	NONE	False	4	False
ETR	103.25	1	False	2.01	20	1	0.92	[3, 3, 7, 7, 9]	11.6	46.5	False	101.68	106.35	105.07	1	1	NONE	38.7	2	-1.73	NONE	False	2	False
ZS	212.25	1	False	9.67	34	2	1.29	[4, 4, 1, 7, 8]	29.8	33.4	False	195.61	166.2	181.58	1	1	NONE	62.7	3	16.89	NONE	False	4	False
PINS	20.03	1	False	0.77	null	2	1.0	[5, 7, 9, 10, 10]	12.9	78.2	False	18.93	21.17	21.45	1	1	NONE	52.0	4	-6.63	NONE	False	3	True
CZR	29.65	1	False	0.11	null	1	0.65	[7, 5, 8, 8, 8]	0.9	70.3	True	29.64	27.21	29.71	1	1	NONE	41.5	2	-0.21	NONE	False	4	True
YMM	8.44	1	False	0.2	28	1	0.61	[7, 2, 2, 8, 9]	6.2	75.9	False	8.22	9.01	8.7	1	1	NONE	50.1	3	-2.99	NONE	False	4	True
DDOG	278.24	2	False	11.34	21	2	0.53	[7, 7, 7, 7, 7]	31.0	18.5	False	250.69	186.22	245.78	1	3	NONE	74.6	3	13.21	NONE	False	1	False
PBF	82.88	2	False	4.6	null	2	0.48	[8, 10, 10, 10, 10]	21.7	52.0	True	76.2	48.82	72.53	1	2	NONE	67.2	2	14.27	NONE	False	1	False
AMAT	530.27	2	False	19.04	26	2	0.77	[10, 10, 10, 7, 7]	28.3	27.1	False	476.22	430.48	487.49	1	1	NONE	68.3	3	8.78	NONE	False	1	False
RAL	73.86	2	False	2.16	null	2	1.36	[6, 6, 10, 10, 10]	16.6	56.1	False	69.07	56.97	67.24	2	3	NONE	76.5	2	9.85	NONE	False	3	False
NTSK	19.64	2	False	1.01	47	2	1.5	[4, 4, 4, 8, 10]	36.6	51.8	False	17.43	12.79	15.53	1	3	NONE	66.3	3	26.45	NONE	False	1	False
MSTR	164.55	1	False	8.85	null	2	0.8	[5, 5, 5, 8, 8]	32.5	34.7	False	150.19	136.0	126.38	2	2	NONE	56.0	3	30.2	NONE	False	4	False
GWRE	164.52	1	False	8.07	41	2	0.83	[3, 7, 8, 10, 10]	19.4	85.1	False	148.8	150.89	165.82	1	1	NONE	49.5	3	-0.78	NONE	False	1	False
MAS	69.93	1	False	1.75	null	1	0.86	[2, 5, 5, 5, 8]	6.4	84.7	False	68.48	70.16	71.74	1	1	NONE	42.0	2	-2.53	BREAKOUT_UP	False	2	True
LYV	171.8	1	False	4.02	null	1	0.82	[2, 2, 5, 7, 8]	5.8	86.8	False	169.94	164.14	176.96	1	1	NONE	49.0	4	-2.91	NONE	False	4	True
EVRG	80.35	1	False	1.2	21	1	0.8	[3, 3, 7, 5, 8]	6.8	54.1	False	79.57	81.15	81.4	1	1	NONE	40.3	2	-1.29	NONE	False	2	False
FTV	57.89	1	False	1.11	null	1	1.11	[2, 7, 8, 9, 10]	7.4	87.3	False	55.77	58.31	58.21	1	1	NONE	58.5	2	-0.55	NONE	False	2	False
PLTR	192.07	1	False	6.11	null	2	0.77	[7, 7, 7, 5, 10]	16.8	25.5	False	182.03	152.19	172.32	1	2	NONE	63.1	3	11.46	NONE	False	4	False
STGW	8.5	1	False	0.28	21	1	1.1	[0, 5, 3, 9, 9]	9.2	88.3	False	8.41	6.82	8.64	1	2	NONE	45.6	4	-1.63	NONE	False	4	True
KVYO	16.6	1	False	0.92	null	1	0.74	[3, 5, 3, 8, 9]	18.9	55.9	False	16.13	19.07	17.56	1	1	NONE	34.5	3	-5.49	NONE	False	2	True
RELY	23.2	1	False	1.03	null	1	0.8	[3, 3, 5, 9, 10]	24.5	47.5	False	21.88	19.6	23.86	1	1	NONE	48.7	3	-2.75	NONE	False	4	False
CRWD	278.86	2	True	11.28	39	2	0.76	[7, 7, 7, 7, 10]	33.7	30.1	False	248.7	155.1	223.56	1	2	NONE	68.3	3	24.74	NONE	False	1	False
BRZE	26.34	1	False	1.45	44	1	0.61	[3, 5, 9, 10, 10]	18.8	79.1	False	24.92	24.2	27.62	1	1	NONE	33.2	3	-4.62	NONE	False	4	True
GPGI	13.17	1	False	0.68	null	2	0.92	[3, 3, 9, 10, 10]	22.1	67.3	False	12.4	16.56	13.18	1	1	NONE	49.7	2	-0.06	NONE	False	1	False
VLO	419.22	2	False	15.53	null	2	0.48	[6, 7, 8, 10, 10]	14.7	64.6	False	395.42	262.86	359.71	1	2	NONE	69.0	2	16.54	NONE	False	3	False
IRDM	49.04	1	False	1.03	null	2	0.7	[3, 2, 8, 6, 9]	7.9	51.7	False	47.87	37.31	47.98	1	1	NONE	55.7	4	2.22	NONE	False	4	True
CEG	300.4	1	False	13.05	23	1	4.26	[0, 3, 3, 5, 10]	22.5	100.0	False	267.2	287.1	271.95	3	1	NONE	60.6	2	10.46	NONE	False	4	False
NU	15.66	1	False	0.65	26	2	1.16	[3, 3, 5, 10, 10]	25.6	100.0	False	13.92	14.7	14.3	1	1	NONE	62.4	4	9.54	NONE	False	1	False
ADI	420.55	2	False	10.78	34	2	0.72	[7, 10, 10, 10, 7]	17.1	42.5	False	385.72	360.98	377.4	1	3	NONE	70.9	3	11.43	NONE	False	1	False
CGNX	66.35	2	False	2.16	null	2	1.19	[7, 9, 10, 10, 10]	15.4	70.1	False	61.09	56.05	62.15	1	1	NONE	66.0	3	6.75	NONE	False	1	False
SPCX	171.92	2	False	7.18	null	2	1.06	[10, 10]	21.0	89.7	False	152.21	null	141.25	1	1	NONE	71.8	2	21.72	NONE	False	1	False
MPC	432.36	2	False	15.1	null	2	0.52	[5, 7, 8, 10, 10]	14.4	74.9	True	405.3	264.29	370.33	1	2	NONE	72.4	2	16.75	NONE	False	3	False
ON	86.31	2	False	3.4	null	2	0.7	[10, 10, 10, 10, 10]	27.7	51.5	False	75.12	80.78	76.57	1	3	NONE	72.4	3	12.72	NONE	False	1	False
ARMK	55.45	1	False	1.18	28	1	0.77	[0, 3, 5, 3, 8]	12.2	41.5	False	56.06	48.56	57.39	1	2	NONE	27.4	2	-3.38	NONE	False	4	False
HNGE	98.35	2	False	3.95	null	2	1.34	[7, 10, 10, 10, 7]	15.1	39.9	False	94.22	61.66	89.46	1	2	NONE	72.2	1	9.94	NONE	False	3	True
AEP	121.67	1	False	2.02	null	1	0.79	[3, 5, 5, 5, 8]	7.8	48.3	False	120.41	127.11	123.3	3	1	NONE	40.2	2	-1.32	NONE	False	2	False
CMS	65.07	1	False	1.05	null	1	0.91	[3, 3, 5, 5, 8]	10.1	39.5	False	64.84	72.77	68.03	1	1	NONE	38.6	2	-4.35	NONE	False	2	False
LNG	275.26	1	False	7.34	null	2	0.64	[3, 5, 3, 6, 8]	8.9	73.2	False	272.41	247.74	272.58	1	1	NONE	57.3	2	0.98	NONE	False	4	True
ABBV	266.69	2	False	5.5	null	2	1.02	[1, 0, 5, 6, 7]	8.8	47.6	False	262.45	231.94	258.17	1	1	NONE	76.1	1	3.3	NONE	False	4	True
VVV	30.87	1	False	1.03	30	1	0.95	[9, 10, 10, 7, 10]	18.3	41.8	False	29.14	34.25	32.32	1	1	NONE	53.5	2	-4.48	NONE	False	2	False
DECK	81.66	1	False	2.21	null	1	0.94	[5, 7, 5, 8, 9]	7.2	85.6	False	79.31	101.06	87.15	1	1	NONE	48.4	2	-6.3	BREAKOUT_UP	False	2	True
WMB	72.39	1	False	1.83	null	1	0.86	[0, 3, 5, 5, 9]	13.1	58.2	False	71.06	71.3	72.08	1	1	NONE	45.5	2	0.43	NONE	False	4	False
MXL	109.3	2	False	6.73	null	2	0.75	[7, 7, 10, 10, 10]	52.1	42.7	False	84.78	54.52	74.21	2	2	NONE	78.3	3	47.28	NONE	False	1	False
WAY	26.4	2	False	1.14	null	1	0.9	[6, 6, 0, 7, 10]	17.2	48.2	False	25.27	24.31	24.77	1	1	NONE	66.1	3	6.59	NONE	False	4	False
XOM	164.48	1	False	3.48	null	2	0.66	[6, 6, 7, 7, 9]	8.5	37.1	False	163.19	149.58	160.87	1	1	NONE	60.4	2	2.24	NONE	False	4	True
COHU	73.1	2	False	3.54	null	2	1.1	[7, 10, 10, 7, 7]	44.5	28.5	True	62.17	44.31	55.56	2	2	NONE	75.5	3	31.58	NONE	False	1	False
SEDG	34.04	1	False	2.33	null	1	0.67	[0, 0, 5, 7, 10]	24.1	70.3	False	33.98	42.24	34.24	2	1	NONE	37.6	3	-0.58	NONE	False	2	True
DINO	114.6	2	False	4.55	null	2	0.61	[3, 7, 8, 8, 8]	13.9	75.3	True	109.95	71.79	100.38	1	2	NONE	69.8	2	14.16	NONE	False	4	False
GTLB	51.63	2	False	2.13	39	2	1.07	[3, 6, 8, 8, 8]	18.8	73.6	False	48.67	32.45	44.23	1	1	NONE	75.1	3	16.72	NONE	False	3	True
NCLH	15.51	1	False	0.61	null	2	1.2	[7, 8, 9, 9, 10]	14.4	64.8	False	14.58	19.38	16.6	1	1	NONE	49.6	2	-6.57	BREAKOUT_UP	True	1	True
ITUB	10.15	2	False	0.34	null	2	1.68	[6, 9, 10, 10, 10]	25.2	86.9	False	8.45	8.2	8.07	1	3	NONE	83.0	4	25.82	NONE	False	1	False
KLIC	97.92	2	False	4.03	30	2	0.72	[7, 10, 10, 7, 7]	26.2	36.7	False	88.65	83.58	88.04	2	3	NONE	69.3	3	11.23	NONE	False	1	False
S	25.8	2	False	1.08	41	2	1.05	[10, 10, 10, 10, 10]	31.6	37.7	False	23.14	16.79	21.81	1	3	NONE	71.0	3	18.3	NONE	False	1	False
NTAP	228.45	2	False	8.5	39	2	1.1	[10, 10, 10, 10, 10]	24.0	45.2	False	201.75	139.9	194.62	1	3	NONE	74.5	3	17.38	NONE	False	1	False
BE	295.78	1	False	19.76	null	2	0.71	[7, 5, 10, 5, 10]	19.3	51.3	False	274.83	209.51	240.34	2	2	NONE	63.8	2	23.07	NONE	False	4	True
PEG	71.73	1	False	1.31	null	1	2.36	[3, 3, 5, 7, 9]	10.6	69.8	False	69.37	78.78	72.76	1	1	NONE	56.2	2	-1.42	NONE	False	2	False
CIEN	443.65	2	False	24.03	46	2	2.46	[2, 10, 10, 10, 10]	33.5	80.4	False	358.51	393.42	375.27	1	1	NONE	75.2	3	18.22	NONE	False	1	False
CRDO	220.83	1	False	14.5	40	1	0.8	[7, 10, 10, 7, 10]	43.3	49.4	False	185.99	178.16	208.3	1	2	NONE	55.5	3	6.01	NONE	False	4	False
SHOP	164.44	2	False	6.76	null	2	0.91	[10, 10, 10, 10, 10]	29.1	42.2	False	140.7	129.55	142.42	1	1	NONE	68.6	3	15.46	NONE	False	1	False
FLYW	18.22	1	False	0.55	null	1	0.82	[5, 5, 8, 9, 10]	10.0	60.9	False	17.57	15.14	17.89	1	1	NONE	62.1	2	1.84	NONE	False	4	True
HOG	26.94	1	False	1.01	null	1	1.16	[0, 3, 3, 5, 9]	16.2	77.3	True	26.08	23.34	26.56	1	1	NONE	40.8	2	1.43	NONE	False	4	False
AMD	649.42	2	False	23.98	null	2	1.07	[7, 7, 7, 7, 10]	31.3	29.7	False	581.38	379.09	518.82	2	2	NONE	71.6	3	25.17	NONE	False	1	False
SN	184.72	2	False	5.97	21	2	0.37	[10, 7, 10, 7, 10]	17.1	28.5	True	173.3	135.64	176.69	1	2	NONE	68.8	2	4.55	NONE	False	1	False
ZETA	32.95	2	False	1.48	null	2	1.18	[5, 8, 10, 10, 10]	21.6	81.0	True	30.76	21.42	28.96	1	1	NONE	72.9	3	13.78	NONE	False	1	False
RELX	34.03	1	False	0.71	null	1	0.76	[3, 3, 3, 7, 8]	8.9	45.7	False	33.74	34.78	34.95	1	1	NONE	38.4	2	-2.62	NONE	False	4	False
AMZN	256.29	1	False	5.55	null	2	0.91	[3, 3, 5, 7, 9]	6.0	69.9	False	251.25	241.68	257.43	1	1	NONE	41.2	2	-0.44	NONE	False	4	True
APH	88.62	1	False	2.65	null	2	0.77	[7, 10, 10, 10, 10]	15.8	45.9	False	82.48	74.38	81.65	3	1	NONE	61.9	3	8.54	NONE	False	1	False
GLW	168.97	2	False	8.21	null	2	1.07	[3, 9, 10, 7, 10]	18.5	65.6	False	156.41	151.29	153.71	3	2	NONE	68.8	3	9.93	NONE	False	4	False
FRSH	13.76	2	False	0.54	null	1	4.23	[6, 9, 6, 10, 10]	20.5	67.2	False	12.63	10.21	12.54	1	1	NONE	71.1	3	9.71	NONE	False	4	False
TREX	44.86	1	False	1.56	null	1	0.7	[2, 2, 2, 7, 9]	8.4	92.9	False	43.87	42.19	45.53	3	2	NONE	39.7	2	-1.48	NONE	False	4	True
VSAT	74.38	1	False	4.0	22	1	1.3	[0, 0, 3, 0, 8]	14.3	76.8	False	72.64	61.24	75.05	2	2	NONE	39.9	3	-0.89	NONE	False	4	True
VST	160.5	2	False	5.99	22	2	3.26	[3, 3, 5, 9, 10]	19.8	100.0	False	142.57	154.77	143.01	2	1	NONE	72.0	2	12.23	NONE	False	1	False
SONY	23.85	1	False	0.47	24	1	1.04	[3, 3, 6, 4, 9]	7.6	38.3	False	23.6	22.33	23.67	1	1	NONE	47.0	3	0.77	NONE	False	4	True
CRWV	91.72	1	False	5.12	23	2	1.02	[7, 9, 9, 6, 10]	24.9	39.3	False	86.69	92.5	87.43	2	2	NONE	49.7	3	4.91	NONE	False	3	True
DELL	574.0	1	False	28.56	34	2	0.66	[0, 0, 7, 7, 8]	16.2	74.7	False	551.56	297.47	494.19	2	2	NONE	62.1	3	16.15	NONE	False	4	True
ANET	215.36	2	True	6.86	null	2	1.44	[6, 6, 9, 6, 10]	14.9	49.3	False	201.52	159.79	194.97	1	1	NONE	65.2	3	10.46	NONE	False	3	False
KSS	19.63	2	False	0.91	34	1	0.99	[10, 10, 10, 10, 10]	20.4	47.3	False	17.73	16.87	18.36	3	1	NONE	65.4	2	6.91	NONE	False	4	False
VLTO	96.45	1	False	1.73	null	1	0.77	[0, 0, 0, 5, 8]	4.9	81.4	False	95.46	92.96	96.69	1	1	NONE	46.9	2	-0.25	NONE	False	4	True
JCI	158.76	1	False	3.57	null	2	1.13	[7, 10, 10, 10, 10]	16.6	45.9	False	146.91	138.03	146.56	1	2	NONE	64.9	2	8.32	NONE	False	1	False
CCL	26.58	2	False	0.91	52	1	0.89	[10, 10, 10, 10, 10]	21.8	39.1	False	23.21	27.46	25.24	1	3	NONE	65.1	2	5.29	NONE	False	4	False
WSE	11.76	1	False	0.31	26	1	0.75	[3, 3, 3, 7, 8]	13.3	46.6	False	11.64	null	12.25	1	1	NONE	41.0	2	-4.01	NONE	False	2	False
RBRK	125.8	2	False	5.26	41	2	0.79	[7, 7, 10, 10, 10]	39.4	30.1	False	108.81	72.34	98.19	1	3	NONE	70.5	3	28.12	NONE	False	1	False
SO	85.44	1	False	1.33	21	1	0.88	[3, 3, 5, 5, 8]	8.8	47.7	False	84.98	92.15	88.84	1	1	NONE	36.7	2	-3.83	NONE	False	2	False
TSLA	380.68	1	False	12.18	null	1	0.74	[0, 0, 5, 7, 10]	11.2	91.9	False	366.72	392.19	350.33	3	1	NONE	62.8	2	8.66	NONE	False	4	True
PYPL	54.61	1	False	1.55	null	1	0.59	[2, 2, 2, 7, 9]	8.9	53.9	False	53.32	50.19	56.44	1	1	NONE	42.8	4	-3.25	NONE	False	2	True
PSX	269.79	2	False	8.56	null	2	0.49	[3, 5, 7, 8, 8]	10.9	67.6	False	261.44	185.4	243.14	1	2	NONE	67.2	2	10.96	NONE	False	4	False
ASX	46.78	2	False	1.68	null	2	0.63	[7, 7, 10, 10, 7]	26.6	35.3	True	42.75	30.99	39.4	3	3	NONE	67.7	3	18.73	NONE	False	1	False
DLO	14.53	1	False	0.47	25	1	0.87	[3, 3, 3, 5, 9]	11.4	96.0	False	14.25	13.52	14.6	1	1	NONE	34.7	3	-0.51	NONE	False	2	False
LITE	1133.4	2	False	64.38	null	2	0.87	[10, 10, 10, 10, 10]	31.0	61.2	False	959.99	753.37	894.03	1	2	NONE	66.9	3	26.77	NONE	False	1	False
ALAB	389.8	2	False	22.97	null	2	1.59	[7, 7, 7, 7, 10]	45.9	34.8	False	328.28	243.42	312.22	2	2	NONE	75.3	3	24.85	NONE	False	1	False
HWM	231.6	1	False	6.79	null	1	0.68	[2, 5, 7, 5, 8]	6.8	51.6	False	228.74	248.85	255.86	1	1	NONE	46.8	2	-9.48	NONE	False	2	True
VRNS	49.08	2	False	1.77	null	2	0.95	[4, 3, 4, 7, 7]	11.1	52.7	False	47.34	34.16	44.75	1	1	NONE	68.8	3	9.68	NONE	False	3	True
TEX	56.77	1	False	2.33	null	1	1.2	[0, 3, 3, 7, 8]	21.8	60.2	False	57.59	62.22	62.03	1	2	NONE	32.5	2	-8.48	NONE	False	2	False
DLR	184.65	1	False	4.52	null	1	0.99	[0, 3, 3, 5, 8]	10.1	68.1	False	181.54	181.39	187.55	1	1	NONE	35.0	4	-1.55	NONE	False	2	False
CHD	96.54	1	False	1.62	null	1	0.7	[2, 2, 2, 7, 8]	4.6	93.2	False	95.12	96.11	98.36	1	1	NONE	38.7	4	-1.85	NONE	False	4	True
IOT	41.74	1	False	2.01	41	2	0.7	[3, 5, 9, 10, 10]	19.4	80.1	False	39.61	33.67	39.41	1	2	NONE	60.3	3	5.92	NONE	False	4	False
CSX	47.5	1	False	0.84	null	1	0.8	[3, 3, 7, 7, 8]	8.1	49.7	False	47.47	44.41	49.24	1	1	NONE	41.3	2	-3.53	NONE	False	4	False
RKLB	75.06	1	False	4.04	23	2	1.25	[6, 6, 10, 7, 10]	25.6	46.9	False	68.7	81.61	70.11	3	2	NONE	61.9	2	7.07	NONE	False	4	False
LNT	65.49	1	False	1.14	21	1	0.88	[3, 3, 5, 5, 8]	9.8	47.9	False	65.12	70.29	67.73	1	1	NONE	39.3	2	-3.31	NONE	False	2	False
CDNS	359.55	2	False	11.86	null	2	0.59	[10, 10, 10, 7, 7]	28.0	42.8	False	310.34	326.1	319.56	1	3	NONE	75.4	3	12.51	NONE	False	1	False
WRB	69.65	1	False	1.32	null	1	0.79	[3, 5, 8, 9, 9]	7.6	74.5	False	69.08	68.9	69.86	1	2	NONE	42.9	4	-0.3	NONE	False	4	False
IR	79.21	1	False	2.1	null	1	0.79	[6, 6, 5, 9, 10]	12.7	68.1	False	74.49	81.56	78.98	1	1	NONE	51.3	2	0.3	NONE	False	2	False
FROG	98.51	2	False	4.93	21	2	0.67	[9, 10, 10, 10, 10]	16.6	64.5	False	92.69	68.74	90.44	1	1	NONE	77.6	3	8.92	NONE	False	3	True
FAST	50.81	1	False	0.96	null	2	0.68	[3, 7, 8, 9, 9]	6.7	67.4	False	49.88	46.32	50.02	1	2	NONE	51.3	2	1.58	NONE	False	4	True
BSY	35.97	1	False	1.34	20	2	1.18	[5, 7, 9, 10, 10]	17.8	89.1	False	32.13	34.51	34.39	1	1	NONE	58.7	3	4.59	NONE	False	1	False
GME	24.76	2	False	0.88	44	2	0.77	[7, 7, 7, 10, 7]	30.4	25.1	False	23.12	22.29	20.67	2	2	NONE	77.9	2	19.8	NONE	False	4	False
NOK	10.97	1	False	0.48	null	2	1.0	[0, 3, 5, 1, 9]	14.6	68.0	False	10.47	10.06	10.13	1	2	NONE	64.9	3	8.32	NONE	False	4	False
STM	58.72	2	False	1.78	null	2	1.0	[7, 7, 10, 10, 10]	22.0	53.9	False	52.19	48.23	52.04	1	1	NONE	75.2	3	12.83	NONE	False	1	False
LTH	40.38	1	False	1.33	null	1	0.53	[3, 7, 8, 3, 8]	16.8	32.2	True	40.45	33.92	42.7	1	2	NONE	43.2	2	-5.44	NONE	False	2	True
MRVL	287.01	2	True	14.42	39	2	2.95	[7, 7, 10, 7, 10]	34.0	47.5	False	251.64	168.88	230.22	1	2	NONE	73.4	3	24.67	NONE	False	1	False
P	147.2	2	False	6.25	39	2	0.46	[7, 7, 10, 10, 10]	47.1	29.3	False	116.17	79.39	104.89	1	2	NONE	72.4	2	40.33	NONE	False	1	False
LION	11.35	1	False	0.41	21	1	1.05	[7, 8, 3, 3, 8]	11.5	56.0	False	11.19	11.38	11.69	1	2	NONE	51.0	4	-2.9	NONE	False	2	True
FLEX	121.38	1	False	5.33	20	2	0.86	[3, 5, 9, 10, 10]	14.0	85.4	False	112.4	100.16	114.17	1	2	NONE	58.6	3	6.32	BREAKOUT_UP	False	3	True
TSM	482.3	2	False	10.45	null	2	0.82	[7, 7, 10, 10, 10]	16.6	43.4	True	446.13	389.19	428.21	1	1	NONE	72.1	3	12.63	NONE	False	1	False
AVGO	375.81	1	False	11.27	45	2	1.25	[2, 2, 7, 8, 10]	12.6	82.5	False	354.7	367.85	372.69	1	1	NONE	41.9	3	0.84	BREAKOUT_UP	True	1	False
OUT	29.07	1	False	0.66	21	1	0.69	[5, 5, 8, 9, 10]	6.0	100.0	False	28.26	29.0	29.58	1	1	NONE	50.0	4	-1.74	BREAKOUT_UP	False	2	True
SNPS	505.17	2	True	19.66	45	2	1.16	[10, 10, 10, 10, 10]	33.5	60.2	True	419.9	445.29	412.23	1	3	NONE	81.1	3	22.55	NONE	False	1	False
PENG	64.21	2	False	3.66	64	2	9.64	[7, 7, 10, 10, 10]	33.2	56.9	False	54.02	40.16	53.64	1	1	NONE	78.1	3	19.7	NONE	False	1	False
DASH	193.62	1	False	7.55	20	1	0.68	[3, 3, 3, 5, 8]	14.1	55.7	True	192.41	186.41	206.39	1	1	NONE	38.0	4	-6.19	NONE	False	4	False
DT	61.05	2	False	1.7	20	2	0.73	[7, 10, 7, 10, 10]	21.6	30.5	False	56.47	42.73	52.21	1	3	NONE	69.7	3	16.94	NONE	False	1	False
NBIS	249.87	1	False	16.4	24	2	1.36	[7, 7, 10, 4, 10]	22.3	49.3	False	230.12	169.37	220.99	2	2	NONE	63.9	4	13.07	NONE	False	4	True
PANW	419.91	2	False	17.28	30	2	0.87	[10, 7, 10, 10, 10]	27.7	39.9	False	378.79	252.62	365.57	1	3	NONE	71.4	3	14.86	NONE	False	1	False
CSCO	117.94	2	False	2.77	25	2	1.12	[5, 7, 9, 10, 10]	12.5	81.8	False	109.38	98.11	112.14	1	1	NONE	66.8	3	5.18	NONE	False	1	False
MNST	43.25	1	False	0.97	21	1	0.72	[0, 3, 3, 7, 8]	9.4	56.0	True	43.35	42.46	45.33	1	1	NONE	42.0	4	-4.59	NONE	False	2	False
VRT	253.14	1	False	11.33	null	1	0.79	[2, 5, 7, 9, 9]	24.5	32.6	False	248.04	265.59	259.34	2	2	NONE	35.0	2	-2.39	NONE	False	2	True
LYFT	15.76	1	False	0.52	null	2	0.8	[3, 5, 7, 9, 10]	10.0	75.6	False	15.24	15.37	16.24	1	1	NONE	46.5	3	-2.95	NONE	False	4	True
AFRM	74.88	1	False	3.37	21	1	0.69	[3, 7, 7, 9, 10]	14.7	88.6	False	70.83	66.8	73.43	1	1	NONE	56.7	3	1.97	NONE	False	4	True
GTES	28.25	2	False	0.86	null	2	0.82	[4, 6, 9, 10, 10]	13.9	76.5	False	26.33	25.42	26.67	1	1	NONE	67.3	2	5.93	NONE	False	1	False
SYNA	119.39	2	False	4.75	21	2	1.53	[7, 10, 10, 10, 10]	32.3	62.4	False	100.69	99.26	101.42	1	3	NONE	67.1	3	17.72	NONE	False	1	False
MAC	22.95	1	False	0.48	null	2	0.77	[2, 5, 7, 8, 9]	6.7	75.5	False	22.66	21.82	23.78	1	1	NONE	43.0	4	-3.47	NONE	False	2	True
VIA	30.83	2	False	1.36	27	2	0.61	[10, 10, 7, 10, 10]	22.4	39.1	False	28.39	20.58	26.37	1	1	NONE	71.6	3	16.9	NONE	False	1	False
FTNT	191.27	2	True	6.38	null	2	1.06	[7, 7, 10, 10, 10]	22.2	43.4	False	173.77	119.64	165.06	1	2	NONE	78.7	3	15.88	NONE	False	1	False
W	105.45	1	False	4.95	null	1	0.88	[6, 7, 6, 9, 10]	14.2	66.8	False	101.88	88.3	101.07	1	2	NONE	59.9	2	4.33	NONE	False	4	True
PFGC	93.78	1	False	2.16	null	1	0.65	[5, 5, 7, 6, 9]	9.2	48.5	True	92.21	96.85	101.01	1	1	NONE	41.1	4	-7.16	NONE	False	2	True
PBR-A	21.62	1	False	0.68	24	2	1.44	[6, 7, 8, 10, 10]	21.2	86.5	True	19.3	16.36	17.82	1	3	NONE	59.5	2	21.3	NONE	False	1	False
U	44.95	1	False	2.08	null	2	0.85	[3, 5, 7, 10, 10]	18.6	86.9	True	42.61	31.93	41.96	1	2	NONE	55.3	3	7.13	NONE	False	3	True
PGR	212.05	1	False	4.34	null	1	0.82	[3, 5, 3, 8, 8]	10.0	30.2	False	212.08	209.0	214.26	1	1	NONE	51.0	4	-1.03	NONE	False	4	False
XEL	72.73	1	False	1.31	null	1	1.55	[3, 3, 5, 7, 8]	11.4	40.3	False	72.15	78.06	75.44	1	1	NONE	38.4	2	-3.6	NONE	False	2	False
USFD	96.53	1	False	2.67	21	1	0.51	[3, 5, 7, 6, 9]	14.6	50.5	True	94.24	92.37	101.29	1	1	NONE	38.1	4	-4.7	NONE	False	2	True
UNH	376.32	1	False	8.64	null	1	0.91	[0, 0, 3, 7, 8]	11.4	42.0	False	376.63	356.8	392.07	2	2	NONE	43.8	1	-4.02	NONE	False	2	True
BBWI	17.93	1	False	0.8	31	1	1.36	[0, 3, 3, 7, 10]	17.0	81.9	False	17.0	19.88	18.46	1	1	NONE	38.4	2	-2.86	NONE	False	4	False
TEAM	193.98	1	False	9.18	21	2	0.62	[0, 5, 6, 8, 8]	17.4	72.5	False	187.82	112.7	167.77	1	1	NONE	63.9	3	15.62	NONE	False	4	True
ETN	445.09	1	False	13.62	null	2	0.76	[6, 6, 6, 6, 9]	15.5	42.8	False	425.47	390.28	423.43	2	2	NONE	47.4	2	5.12	NONE	False	1	False
RCL	288.78	1	False	10.39	null	1	0.69	[10, 10, 10, 10, 10]	26.2	42.0	False	255.54	286.9	281.39	1	1	NONE	59.4	2	2.63	NONE	False	4	False
IBKR	90.58	1	False	2.72	null	1	0.89	[0, 0, 3, 5, 9]	11.6	80.7	False	89.23	81.55	90.56	1	1	NONE	44.3	4	0.02	NONE	False	4	True
ADSK	231.28	1	False	8.55	34	1	0.95	[3, 3, 3, 8, 10]	15.5	89.6	False	215.69	238.3	233.75	1	1	NONE	45.0	3	-1.06	NONE	False	2	False
EOG	144.28	1	False	3.51	21	1	0.77	[0, 3, 3, 6, 9]	11.5	48.4	True	143.69	132.42	144.38	1	1	NONE	50.7	2	-0.07	NONE	False	4	False
CAH	233.44	1	False	5.58	21	1	0.6	[3, 5, 8, 9, 9]	11.1	54.7	False	228.3	218.38	232.85	1	1	NONE	43.3	1	0.25	NONE	False	4	False
TRP	60.23	1	False	1.21	21	1	0.47	[0, 3, 3, 5, 8]	11.2	38.3	False	60.2	63.13	62.34	1	1	NONE	33.2	2	-3.38	NONE	False	4	False
CLS	388.24	2	False	19.17	null	2	0.52	[7, 7, 10, 7, 7]	22.8	47.1	True	352.09	331.73	333.15	2	2	NONE	67.1	3	16.54	NONE	False	1	False
MSFT	529.3	1	False	11.72	null	2	0.97	[7, 9, 9, 10, 10]	9.7	49.9	False	504.71	433.34	493.4	1	1	NONE	63.2	3	7.28	NONE	False	1	False
IRM	116.5	1	False	3.26	null	1	0.77	[0, 3, 7, 5, 9]	8.4	89.3	False	113.52	112.61	118.49	1	1	NONE	42.9	4	-1.68	NONE	False	2	True
COHR	338.36	2	False	20.25	20	2	0.8	[0, 9, 10, 10, 10]	25.1	75.9	True	302.63	290.65	299.39	1	2	NONE	68.8	3	13.01	NONE	False	3	False
GEV	1029.21	1	False	37.84	null	2	1.16	[6, 9, 10, 10, 10]	19.2	57.8	False	949.96	921.09	965.2	2	2	NONE	64.8	2	6.63	NONE	False	1	False
LEVI	20.53	1	False	0.53	null	2	1.19	[5, 7, 5, 8, 9]	8.3	80.4	False	19.94	21.76	21.49	1	1	NONE	54.3	2	-4.46	BREAKOUT_UP	True	3	True
OUST	44.91	2	False	2.65	null	2	1.26	[7, 7, 10, 10, 10]	35.4	44.5	False	38.77	31.65	39.31	3	2	NONE	70.0	3	14.24	NONE	False	1	False
TXN	297.23	2	False	7.78	null	2	0.56	[7, 7, 10, 10, 10]	15.5	46.3	False	273.62	250.01	271.2	1	3	NONE	67.6	3	9.6	NONE	False	1	False
SHEL	97.62	2	False	1.62	null	2	1.26	[1, 6, 6, 7, 7]	7.0	58.2	False	95.82	85.48	93.02	2	2	NONE	73.7	2	4.95	NONE	False	4	False
REYN	22.32	1	False	0.53	null	1	0.6	[2, 5, 7, 8, 9]	6.9	76.0	False	22.0	23.25	23.78	1	1	NONE	49.5	4	-6.15	NONE	False	4	True
BIRK	34.0	1	False	1.17	null	2	0.53	[6, 6, 9, 10, 10]	13.0	46.4	False	31.93	38.99	34.96	1	1	NONE	54.8	2	-2.74	NONE	False	3	False
BOX	35.27	1	False	1.1	39	2	0.54	[5, 7, 10, 10, 10]	16.3	56.2	False	33.76	27.76	33.43	1	2	NONE	63.3	3	5.49	NONE	False	4	False
KMI	32.16	1	False	0.76	null	1	1.18	[0, 3, 5, 8, 9]	9.4	99.3	False	31.08	31.51	31.45	1	1	NONE	54.4	2	2.25	BREAKOUT_UP	True	4	True
VALE	14.08	1	False	0.42	null	1	1.57	[3, 3, 3, 5, 9]	17.4	64.7	True	14.15	15.33	14.51	1	1	NONE	39.5	4	-2.93	NONE	False	2	False
NVDA	239.24	1	False	5.82	30	2	0.92	[9, 9, 10, 10, 10]	15.2	42.4	False	224.89	201.36	219.77	1	1	NONE	56.2	3	8.86	NONE	False	3	False
BHP	87.0	1	False	2.12	null	1	0.91	[3, 3, 5, 7, 9]	12.0	44.3	False	86.05	79.62	88.82	1	1	NONE	44.7	4	-2.05	NONE	False	4	False
AMX	22.36	1	False	0.52	null	1	0.85	[0, 0, 3, 5, 8]	12.9	67.6	False	22.28	24.18	23.19	1	1	NONE	42.2	4	-3.58	NONE	False	2	False
CAT	863.44	1	False	24.55	20	2	0.83	[4, 9, 9, 10, 10]	12.6	70.3	False	815.05	797.9	822.44	3	2	NONE	59.9	2	4.99	NONE	False	1	False
PBR	23.8	1	False	0.75	24	2	1.65	[6, 6, 7, 10, 10]	20.3	87.3	True	21.28	18.0	19.79	1	3	NONE	60.9	2	20.29	NONE	False	1	False
AVPT	14.59	1	False	0.53	21	2	1.37	[10, 10, 10, 10, 10]	20.1	61.2	False	13.51	11.72	13.39	1	1	NONE	60.2	3	8.99	NONE	False	1	False
