# DICT bracket.stop_type: 1=fib_618; 2=ma100; 3=ma20; 4=ma200; 5=ma50; 6=ma_cluster; 7=swing_low; 8=swing_low_1; 9=swing_low_2; 10=swing_low_3
# DICT choch_state: 1=BEARISH; 2=BULLISH
# DICT mp_accel_state: 1=ACCELERATING; 2=DECELERATING; 3=FLAT
# DICT mp_state: 1=BUILDING; 2=FADING; 3=STRONG
# DICT source: 1=elder_list; 2=longlist; 3=qs; 4=radar-premove
# DICT structure_shift: 1=ABOVE_STRUCTURE; 2=BEARISH_CHOCH; 3=BULLISH_BOS; 4=RANGE
ticker	entry	source	held	atr_14d	days_to_earnings	bracket.risk_pct	bracket.stop	bracket.stop_atr_dist	bracket.stop_type	choch_state	day_vol	div_bear_count	div_state	energy	flow	lens.coil	lens.resistance	lens.structure	ma_200	ma_50	mp_accel_state	mp_state	pin_bar_state	sma_distance_pct	structure	structure_shift
META	738.79	2	False	27.81	null	null	null	null	null	2	0.99	0	NONE	70.6	46.1	warn	ok	ok	627.21	619.0	2	2	NONE	19.35	80.0	1
MSFT	508.96	2	False	11.88	null	null	null	null	null	2	0.95	0	NONE	80.7	59.2	strong	strong	ok	432.3	480.25	2	2	NONE	5.98	74.7	4
INTC	115.93	2	False	6.29	null	6.5	108.4	1.2	2	2	0.8	0	NONE	53.8	76.3	warn	warn	ok	79.96	99.85	2	2	NONE	16.1	52.6	1
MU	1065.08	2	False	46.92	null	5.59	1005.52	1.27	3	2	0.74	1	BEARISH	69.7	73.7	warn	ok	ok	669.11	949.71	3	2	NONE	12.15	75.6	1
GME	23.76	2	False	0.87	49	5.26	22.51	1.43	7	2	0.79	0	NONE	72.3	68.4	warn	ok	ok	22.22	20.35	2	2	NONE	16.77	70.3	1
ALAB	357.84	2	False	22.88	24	9.49	323.88	1.48	2	2	0.65	0	BULLISH	63.9	73.7	warn	ok	ok	238.1	306.96	2	1	NONE	16.58	57.9	1
ARM	293.67	2	False	19.68	25	7.09	272.84	1.06	3	2	1.08	1	BEARISH	50.4	88.2	warn	warn	ok	213.3	265.12	2	2	NONE	10.77	54.5	1
FERG	223.87	1	False	5.83	26	null	null	null	null	1	0.95	0	BULLISH	52.5	63.2	strong	warn	warn	237.85	232.32	1	1	NONE	-3.64	30.5	2
TREX	44.06	1	False	1.55	null	null	null	null	null	1	0.96	0	BULLISH	48.7	27.6	strong	warn	ok	41.96	45.45	1	1	NONE	-3.06	35.8	4
SHW	330.44	1	False	7.93	null	null	null	null	null	1	1.29	0	BULLISH	58.2	47.4	strong	ok	ok	333.36	338.71	1	1	NONE	-2.44	36.8	4
ISRG	412.18	2	False	11.27	null	3.56	397.52	1.3	10	2	0.77	0	NONE	67.2	73.7	warn	strong	ok	449.46	376.5	1	2	NONE	9.48	73.7	1
SHO	11.3	1	False	0.2	27	2.21	11.05	1.26	6	2	0.64	0	NONE	76.5	57.9	strong	strong	strong	10.24	11.23	1	1	NONE	0.61	56.8	3
GEV	962.49	1	False	35.07	null	null	null	null	null	2	0.64	0	BULLISH	60.6	51.3	strong	warn	ok	913.15	968.41	1	1	NONE	-0.61	47.4	4
MRVL	263.27	2	True	13.45	44	7.32	244.0	1.43	7	2	0.92	0	NONE	69.7	53.9	warn	strong	ok	164.18	223.2	1	3	NONE	17.95	84.0	1
AME	250.78	2	False	5.06	null	2.56	244.37	1.27	1	2	0.79	0	NONE	55.5	78.9	warn	ok	ok	229.57	243.18	1	1	NONE	3.12	67.4	1
PEB	18.71	1	False	0.5	null	null	null	null	null	1	0.82	0	NONE	65.5	76.3	strong	ok	ok	15.13	18.43	1	1	NONE	1.51	54.7	4
SN	182.44	1	False	6.74	26	null	null	null	null	2	0.4	0	NONE	80.7	32.9	strong	strong	ok	133.93	173.34	1	2	NONE	5.25	64.2	1
WRBY	27.47	2	False	1.72	26	null	null	null	null	2	1.61	0	NONE	58.8	96.1	--	--	ok	25.22	25.46	1	1	NONE	7.87	49.5	1
RAL	69.98	2	False	2.16	25	null	null	null	null	1	0.46	0	NONE	57.1	73.7	--	--	ok	56.43	67.03	1	1	NONE	4.4	68.4	4
SHOP	148.26	1	False	6.95	null	6.35	138.84	1.36	5	1	0.81	0	NONE	79.0	71.1	ok	ok	ok	129.75	138.84	1	1	NONE	6.79	62.9	4
M	23.27	1	False	0.83	45	null	null	null	null	1	0.95	0	BULLISH	69.7	65.8	strong	warn	ok	21.6	23.27	1	1	NONE	0.01	40.8	4
FTNT	175.96	2	True	6.63	25	null	null	null	null	2	0.57	0	NONE	64.7	64.5	warn	ok	strong	117.11	162.17	2	2	NONE	8.5	76.8	3
DBRG	16.0	1	False	0.03	null	null	null	null	null	2	0.84	0	NONE	67.2	31.6	ok	strong	strong	15.53	15.92	1	1	NONE	0.53	67.4	3
A	175.03	2	False	4.93	38	null	null	null	null	2	0.75	0	NONE	64.7	60.5	warn	strong	ok	132.41	150.52	1	3	NONE	16.29	78.9	1
VSXY	89.23	1	False	4.07	47	4.58	85.14	1.0	5	1	0.54	0	BULLISH	50.4	53.9	warn	ok	ok	65.9	85.14	1	1	NONE	4.81	38.9	4
TEM	82.58	2	False	4.93	null	null	null	null	null	2	0.9	0	NONE	63.9	72.4	warn	ok	ok	56.34	60.71	1	3	NONE	36.03	66.7	1
TEAM	175.96	3	False	9.31	null	8.52	160.96	1.61	9	2	1.32	5	BEARISH	73.1	60.5	strong	ok	ok	111.99	157.6	2	2	NONE	11.65	55.8	4
TJX	133.8	1	False	3.04	35	3.49	129.13	1.54	3	1	1.29	0	NONE	46.6	86.8	strong	warn	warn	152.91	142.31	1	1	NONE	-5.98	42.1	2
JCI	149.42	2	False	3.51	25	null	null	null	null	2	0.66	0	BULLISH	63.9	73.7	ok	ok	strong	137.1	145.4	1	1	NONE	2.76	70.5	3
LRCX	323.86	2	False	14.44	null	5.84	304.95	1.31	5	2	0.81	3	BEARISH	73.1	78.9	ok	ok	strong	272.45	304.95	1	1	NONE	6.2	57.9	3
VIA	29.25	2	False	1.33	32	null	null	null	null	2	0.59	0	NONE	79.0	63.2	ok	ok	strong	20.6	25.14	1	2	NONE	16.34	76.8	3
CNK	38.24	2	False	1.19	25	null	null	null	null	2	0.81	0	NONE	78.2	78.9	ok	strong	ok	29.6	36.01	1	1	NONE	6.19	71.6	1
NTRA	414.52	2	True	12.95	26	null	null	null	null	2	1.34	0	NONE	58.0	73.7	warn	strong	ok	246.35	322.35	1	3	NONE	28.59	84.2	1
APLE	16.27	1	False	0.31	26	2.34	15.89	1.21	2	2	0.67	0	BULLISH	55.5	63.2	ok	strong	ok	14.08	16.13	1	1	NONE	0.9	51.6	1
PYPL	53.89	1	False	1.68	null	3.66	51.92	1.18	9	1	0.61	0	BULLISH	51.7	39.5	strong	warn	warn	50.38	56.69	1	1	NONE	-4.93	47.4	2
RVMD	204.48	1	False	7.61	25	null	null	null	null	1	0.83	0	NONE	52.1	44.7	ok	ok	ok	144.02	201.13	1	1	NONE	1.66	51.6	4
KR	60.79	1	False	1.53	46	null	null	null	null	2	1.26	0	NONE	66.4	26.3	warn	strong	--	63.57	58.05	1	1	NONE	4.72	70.5	null
PG	148.32	1	False	2.37	null	null	null	null	null	2	0.94	0	BULLISH	68.1	50.0	strong	strong	ok	147.62	145.94	1	1	NONE	1.63	54.7	4
TEVA	39.81	2	False	1.25	null	null	null	null	null	2	1.29	2	BEARISH	70.6	51.3	warn	strong	ok	33.54	36.41	3	3	NONE	9.33	77.9	4
LIN	473.37	1	False	7.52	null	4.05	454.19	2.55	8	1	0.95	0	BULLISH	38.2	71.1	ok	ok	warn	485.29	482.48	1	1	NONE	-1.89	40.0	2
NTAP	209.18	2	False	7.8	44	null	null	null	null	2	0.99	0	NONE	78.2	68.4	ok	strong	ok	137.25	189.24	1	1	NONE	10.54	84.2	1
P	130.05	2	False	6.8	44	null	null	null	null	2	0.61	0	NONE	69.7	51.3	ok	strong	ok	77.67	98.43	1	3	NONE	32.13	74.7	1
GRND	16.12	1	False	0.53	26	3.47	15.56	1.05	6	1	1.02	1	MIXED	67.2	51.3	strong	warn	ok	13.55	15.87	1	1	NONE	1.56	62.1	4
BE	291.25	2	False	21.31	null	null	null	null	null	2	1.4	1	BEARISH	69.7	59.2	ok	ok	strong	204.67	232.52	2	1	NONE	25.26	66.1	3
SAP	210.85	3	False	5.31	null	null	null	null	null	1	1.09	0	NONE	84.0	26.3	strong	strong	ok	194.02	202.92	3	2	NONE	3.91	64.6	4
NVS	145.71	1	False	3.07	null	2.37	142.26	1.12	9	1	0.57	0	BULLISH	38.4	65.8	warn	ok	warn	150.61	151.29	1	1	NONE	-3.69	38.9	2
ADI	398.22	2	False	11.09	39	null	null	null	null	2	0.73	0	NONE	65.5	73.7	--	--	ok	357.66	374.1	1	3	NONE	6.45	77.9	1
MXL	92.72	2	False	6.51	null	null	null	null	null	2	1.0	0	NONE	63.0	64.5	--	--	ok	52.44	72.16	1	3	NONE	28.49	63.6	1
TER	403.02	2	False	19.95	null	null	null	null	null	2	0.93	0	NONE	69.7	73.7	ok	warn	ok	331.69	371.96	1	1	NONE	8.35	63.2	1
PM	193.9	1	False	4.35	null	3.05	187.98	1.36	1	1	0.81	0	NONE	69.7	65.8	strong	ok	ok	177.39	190.12	1	1	NONE	1.99	55.8	4
COHU	65.97	2	False	3.61	null	null	null	null	null	2	0.65	0	NONE	64.7	73.7	--	--	ok	43.11	53.67	1	3	NONE	22.93	76.8	1
PFE	28.72	2	False	0.5	null	null	null	null	null	1	0.99	0	NONE	77.3	73.7	ok	strong	ok	26.37	27.14	1	2	NONE	5.84	71.6	4
MCHP	78.78	1	False	2.78	26	6.28	73.83	1.78	6	2	0.89	0	BULLISH	55.5	78.9	ok	warn	ok	78.72	76.04	1	1	NONE	3.61	56.8	1
RBRK	114.77	2	False	5.71	46	null	null	null	null	2	0.6	0	BULLISH	63.9	59.2	warn	strong	ok	71.36	93.66	1	1	NONE	22.55	70.3	1
BIRK	33.04	1	False	1.26	null	5.81	31.12	1.53	9	1	1.24	0	BULLISH	37.0	78.9	ok	warn	warn	39.31	35.79	1	1	NONE	-7.68	38.9	2
VLTO	96.65	1	False	1.71	null	null	null	null	null	1	0.87	0	NONE	71.4	56.6	strong	strong	ok	93.06	96.34	1	2	NONE	0.32	54.7	4
COST	924.59	1	False	15.71	51	1.88	907.21	1.11	9	1	1.01	0	NONE	43.9	88.2	ok	strong	warn	960.84	933.86	1	1	NONE	-0.99	38.9	2
MRNA	203.46	2	False	13.13	26	null	null	null	null	2	0.85	0	NONE	75.6	73.7	ok	strong	ok	65.97	115.7	1	2	NONE	75.85	74.7	1
AMD	607.57	2	False	24.95	24	null	null	null	null	2	0.74	0	NONE	65.5	56.6	warn	ok	ok	368.62	509.04	2	3	NONE	19.36	73.7	1
WT	24.27	2	False	0.91	null	null	null	null	null	1	0.77	0	NONE	78.2	73.7	ok	ok	ok	17.96	22.63	3	1	NONE	7.23	64.2	4
UCTT	80.46	1	False	4.59	null	null	null	null	null	2	1.09	0	NONE	53.0	65.8	strong	warn	ok	71.0	78.59	1	1	NONE	2.38	31.6	1
GLW	158.71	1	False	8.19	null	null	null	null	null	2	0.87	0	NONE	67.2	51.3	strong	warn	warn	149.48	152.83	2	1	NONE	3.85	57.7	2
TMO	679.61	2	False	15.59	null	null	null	null	null	2	0.79	0	NONE	64.7	67.1	warn	strong	ok	541.33	610.25	1	3	NONE	11.37	73.7	1
KLAC	196.53	1	False	7.93	null	4.24	188.2	1.05	5	2	0.79	0	BULLISH	64.7	73.7	ok	warn	ok	176.63	188.2	1	1	NONE	4.43	38.9	1
LITE	973.49	1	False	63.27	null	null	null	null	null	2	1.35	0	NONE	83.2	34.2	strong	strong	ok	735.07	866.99	2	1	NONE	12.28	71.6	4
AMGN	423.64	1	False	10.43	24	3.95	406.92	1.6	5	2	1.06	0	NONE	58.0	73.7	warn	strong	ok	363.19	406.92	1	2	NONE	4.11	65.3	4
TXN	281.69	1	False	7.98	null	3.85	270.85	1.36	5	2	0.82	0	NONE	58.8	73.7	warn	ok	ok	247.23	270.85	1	1	NONE	4.0	54.7	1
IR	76.48	1	False	2.02	null	3.1	74.11	1.17	3	1	1.04	0	NONE	45.8	46.1	strong	warn	warn	81.67	79.65	1	1	NONE	-3.98	33.7	2
HLT	323.44	2	False	6.55	null	null	null	null	null	1	0.82	0	NONE	69.7	78.9	ok	ok	warn	315.55	317.92	1	1	NONE	1.74	49.5	2
MAR	361.62	1	False	7.48	null	2.51	352.55	1.21	5	1	0.85	0	BULLISH	57.1	73.7	warn	ok	ok	348.55	352.55	1	1	NONE	2.57	49.5	4
PLTR	186.97	2	False	6.51	null	null	null	null	null	2	0.52	0	NONE	79.0	68.4	ok	ok	ok	152.05	166.07	2	2	NONE	12.58	73.7	4
AVPT	13.57	1	False	0.49	26	null	null	null	null	1	1.09	0	NONE	71.4	56.6	strong	strong	ok	11.7	13.19	2	1	NONE	2.85	48.4	4
WBD	30.85	2	False	0.4	26	null	null	null	null	2	0.99	0	NONE	65.5	88.2	--	--	ok	27.66	27.92	1	2	NONE	10.5	73.7	4
ICHR	59.76	1	False	3.42	null	7.13	55.5	1.24	3	2	0.96	0	NONE	51.7	53.9	strong	warn	strong	57.49	63.86	1	1	NONE	-6.42	26.3	3
SDGR	30.33	2	False	1.76	25	null	null	null	null	2	0.83	0	NONE	73.1	67.1	warn	ok	ok	15.78	20.38	2	2	NONE	48.83	76.8	4
CCL	25.11	1	False	0.94	57	6.61	23.45	1.76	9	1	3.21	0	NONE	50.3	78.9	ok	warn	warn	27.52	25.31	1	1	NONE	-0.81	42.1	2
DAL	84.87	1	False	2.4	null	4.95	80.67	1.75	10	1	0.78	0	NONE	62.2	78.9	ok	warn	ok	75.6	84.05	1	1	NONE	0.97	54.7	4
ASX	45.31	2	False	1.77	null	null	null	null	null	2	1.23	0	NONE	63.0	73.7	warn	strong	ok	30.23	38.65	2	3	NONE	17.24	80.8	1
APH	84.34	1	False	2.81	null	null	null	null	null	2	0.74	0	BULLISH	76.5	46.1	ok	strong	ok	73.85	80.74	1	1	NONE	4.46	66.3	4
STX	913.45	2	False	49.9	null	null	null	null	null	2	0.67	2	MIXED	62.2	73.7	ok	warn	ok	641.53	854.64	1	1	NONE	6.88	65.7	4
AMAT	512.01	1	False	20.26	31	4.47	489.11	1.13	5	2	1.12	0	BULLISH	68.1	73.7	ok	warn	ok	423.7	489.11	1	1	NONE	4.68	42.1	1
STM	53.24	1	False	1.75	null	4.3	50.95	1.31	6	2	1.04	0	BULLISH	50.9	84.2	ok	warn	strong	47.48	52.22	2	1	NONE	1.95	47.4	3
RXO	20.71	1	False	1.07	26	6.04	19.46	1.17	4	1	1.04	0	BULLISH	51.7	78.9	strong	warn	warn	19.46	21.61	1	1	NONE	-4.16	42.1	2
LLY	1184.63	1	False	31.2	null	2.69	1152.71	1.02	6	1	0.71	0	NONE	59.4	53.9	strong	warn	ok	1072.06	1178.28	1	1	NONE	0.54	50.5	4
KSS	18.32	1	False	0.93	39	null	null	null	null	1	0.77	0	NONE	49.6	78.9	warn	warn	ok	16.97	18.29	1	1	NONE	0.16	45.3	4
DHR	226.11	2	False	5.67	null	null	null	null	null	2	0.88	0	BULLISH	64.7	78.9	warn	strong	ok	201.8	206.86	1	1	NONE	9.31	73.7	1
TSM	456.94	2	False	10.75	null	3.26	442.04	1.39	1	2	1.01	1	BEARISH	63.0	73.7	warn	strong	ok	384.65	422.36	3	1	NONE	8.19	76.8	1
CAT	826.64	1	False	21.94	25	3.1	801.0	1.17	10	1	0.87	0	NONE	58.2	78.9	strong	warn	warn	791.75	827.27	1	1	NONE	-0.08	43.2	2
ALGM	36.6	1	False	1.8	null	7.05	34.02	1.43	9	1	1.03	0	BULLISH	50.8	84.2	strong	warn	warn	40.12	39.24	1	1	NONE	-6.73	38.9	2
OKTA	204.88	2	False	9.99	44	null	null	null	null	2	0.7	0	NONE	61.3	72.4	warn	ok	ok	110.31	160.38	2	2	NONE	27.75	61.1	1
TWLO	290.78	2	False	14.18	null	null	null	null	null	2	1.17	0	NONE	69.7	82.9	--	--	ok	173.67	230.71	2	2	NONE	26.04	73.7	1
ORLY	86.07	1	False	1.84	null	3.76	82.83	1.76	8	1	0.56	0	NONE	51.7	48.7	strong	ok	warn	91.09	88.49	1	1	NONE	-2.73	33.7	2
UMC	24.72	2	False	0.98	null	7.28	22.92	1.84	3	2	0.96	0	NONE	63.0	73.7	warn	ok	ok	15.55	20.67	2	2	NONE	19.58	66.1	4
VEEV	278.57	1	False	8.66	40	3.14	269.83	1.01	3	2	0.68	0	NONE	78.2	31.6	ok	strong	ok	200.39	244.99	2	2	NONE	13.71	70.5	1
ONTO	304.69	1	False	15.52	26	5.55	287.77	1.09	2	2	0.77	0	BULLISH	68.1	53.9	ok	warn	ok	251.22	281.35	1	1	NONE	8.3	52.6	1
MKSI	266.02	1	False	11.7	25	null	null	null	null	1	0.61	0	BULLISH	53.0	73.7	strong	warn	warn	270.38	280.3	1	1	NONE	-5.09	28.8	2
PK	15.57	1	False	0.4	25	3.6	15.01	1.39	1	2	1.04	0	NONE	74.8	46.1	strong	strong	ok	12.65	15.21	1	1	NONE	2.35	56.8	4
VVV	29.65	1	False	0.99	35	11.6	26.21	3.49	8	1	1.26	0	NONE	31.9	56.6	warn	warn	warn	34.25	33.17	1	1	NONE	-10.61	26.3	2
CRWV	85.93	4	False	5.42	null	8.03	79.03	1.27	9	2	0.88	0	BULLISH	50.3	63.2	strong	warn	warn	92.14	86.26	3	2	NONE	-0.38	42.1	2
