ticker	pin_bar_state	choch_state	inside_bar	structure	structure_shift	energy	squeeze_breakout_state	was_squeezed	squeeze_breakout_volume_confirmed	elder_context.vcp.base_range_pct	elder_context.vcp.vcp_tightness_pct	flow	day_vol	atr_14d	atr_caution	sma_distance_pct	ma_20	ma_50	ma_200	mp_state	mp_accel_state	sc_momentum	div_state	div_bear_count	elder_pattern	elder_5d	sector_trend_state	entry	bracket.stop	bracket.stop_type	bracket.valid	bracket.atr_fallback_stop	bracket.risk_pct	bracket.invalid_reason
AAL	NONE	BULLISH	False	22.1	RANGE	42.0	NONE	False	False	null	null	53.9	1.19	0.57	False	-12.32	15.09	15.76	13.91	FADING	FLAT	33.2	NONE	0	null	[0, 0, 0, 0, 3]	Declining — Avoid	13.82	13.18	swing_low	True	13.25	4.63	null
DIS	null	null	null	77.9	ABOVE_STRUCTURE	63.9	null	null	null	14.0	35.2	46.1	0.63	2.27	False	7.93	102.25	99.86	104.09	STRONG	null	65.4	null	null	null	[7, 7, 9, 10, 7]	Momentum Fading — Hold, Don't Add	107.78	null	null	False	105.52	null	no valid bracket — no structural support passes the 3 gates (atr≥1.0, rr≥2.0, risk%≤regime ceiling)
VG	NONE	BULLISH	True	66.3	RANGE	80.7	NONE	False	False	19.0	42.3	51.3	0.8	0.74	False	11.55	13.44	12.74	11.05	FADING	DECELERATING	57.9	NONE	0	CORRECTION_REENTRY	[7, 10, 7, 10, 10]	Momentum Fading — Hold, Don't Add	14.21	null	null	False	13.47	null	no valid bracket — no structural support passes the 3 gates (atr≥1.0, rr≥2.0, risk%≤regime ceiling)
ROKU	NONE	BULLISH	False	73.7	ABOVE_STRUCTURE	69.7	NONE	False	False	12.0	17.1	71.1	0.5	2.14	False	9.29	150.97	144.11	115.29	STRONG	ACCELERATING	72.8	NONE	0	null	[10, 7, 7, 7, 7]	Momentum Fading — Hold, Don't Add	157.49	null	null	False	155.35	null	no valid bracket — no structural support passes the 3 gates (atr≥1.0, rr≥2.0, risk%≤regime ceiling)
ABBV	NONE	BULLISH	False	76.8	RANGE	73.1	NONE	False	False	10.3	70.1	73.7	0.96	6.16	False	6.84	253.29	247.99	226.56	BUILDING	ACCELERATING	66.4	NONE	0	ACCELERATION	[6, 7, 10, 10, 10]	Momentum Fading — Hold, Don't Add	264.96	null	null	False	258.8	null	no valid bracket — no structural support passes the 3 gates (atr≥1.0, rr≥2.0, risk%≤regime ceiling)
CART	NONE	BULLISH	False	73.7	RANGE	64.7	NONE	False	False	19.5	43.1	59.2	0.7	1.92	False	7.23	47.65	46.47	41.71	STRONG	ACCELERATING	67.1	BEARISH	1	null	[7, 6, 10, 10, 7]	Momentum Fading — Hold, Don't Add	49.83	47.65	ma20	True	47.91	4.37	null
BP	NONE	BEARISH	False	63.2	RANGE	73.1	NONE	False	False	9.9	73.4	68.4	1.07	1.01	False	8.37	43.14	41.3	40.44	BUILDING	DECELERATING	61.7	MIXED	2	ACCELERATION	[6, 6, 7, 10, 10]	Momentum Fading — Hold, Don't Add	44.76	null	null	False	43.75	null	no valid bracket — no structural support passes the 3 gates (atr≥1.0, rr≥2.0, risk%≤regime ceiling)
FIG	NONE	BULLISH	False	83.2	BEARISH_CHOCH	81.5	NONE	False	False	27.4	46.7	55.3	0.48	1.82	False	20.67	25.28	22.46	26.72	BUILDING	ACCELERATING	71.1	NONE	0	ACCELERATION	[5, 8, 10, 10, 10]	Momentum Fading — Hold, Don't Add	27.1	25.28	ma20	True	25.28	6.72	null
TEM	NONE	BULLISH	False	84.2	ABOVE_STRUCTURE	59.7	NONE	False	False	56.6	68.2	100.0	2.5	4.42	False	38.04	51.34	52.66	56.78	STRONG	ACCELERATING	83.3	NONE	0	ACCELERATION	[7, 3, 10, 10, 10]	Momentum Fading — Hold, Don't Add	72.69	null	null	False	68.27	null	no valid bracket — no structural support passes the 3 gates (atr≥1.0, rr≥2.0, risk%≤regime ceiling)
YUM	NONE	BEARISH	False	38.9	RANGE	60.0	NONE	True	False	15.0	45.6	78.9	1.49	4.51	False	-0.16	149.64	153.23	154.63	BUILDING	ACCELERATING	53.1	BULLISH	0	INTERRUPTED	[0, 0, 3, 7, 9]	Momentum Fading — Hold, Don't Add	152.99	null	null	False	148.48	null	no valid bracket — no structural support passes the 3 gates (atr≥1.0, rr≥2.0, risk%≤regime ceiling)
RBRK	null	null	null	54.1	RANGE	63.9	null	null	null	45.1	21.3	57.9	0.7	4.88	False	22.21	88.76	81.9	67.85	FADING	null	66.0	null	null	null	[7, 7, 7, 7, 7]	Momentum Fading — Hold, Don't Add	100.09	null	null	False	95.21	null	no valid bracket — no structural support passes the 3 gates (atr≥1.0, rr≥2.0, risk%≤regime ceiling)
CMG	NONE	BULLISH	False	60.0	RANGE	64.7	NONE	False	False	21.1	51.8	73.7	1.06	1.38	False	9.46	34.29	33.71	34.52	BUILDING	ACCELERATING	66.3	NONE	0	ACCELERATION	[5, 4, 7, 10, 10]	Momentum Fading — Hold, Don't Add	36.9	null	null	False	35.52	null	no valid bracket — no structural support passes the 3 gates (atr≥1.0, rr≥2.0, risk%≤regime ceiling)
GOLD	null	null	null	94.7	ABOVE_STRUCTURE	59.7	null	null	null	17.6	65.0	68.4	1.44	1.95	False	9.96	43.16	42.03	41.87	BUILDING	null	71.0	null	null	CORRECTION_REENTRY	[10, 4, 10, 10, 10]	null	46.21	null	null	False	44.26	null	no valid bracket — no structural support passes the 3 gates (atr≥1.0, rr≥2.0, risk%≤regime ceiling)
P	NONE	BULLISH	False	61.1	ABOVE_STRUCTURE	58.8	NONE	False	False	54.3	18.8	67.1	0.85	5.32	False	31.19	95.63	82.74	74.95	FADING	DECELERATING	67.8	NONE	0	null	[7, 7, 7, 7, 7]	Declining — Avoid	108.55	null	null	False	103.23	null	no valid bracket — no structural support passes the 3 gates (atr≥1.0, rr≥2.0, risk%≤regime ceiling)
DKNG	NONE	BULLISH	False	56.8	ABOVE_STRUCTURE	54.6	NONE	False	False	22.1	47.8	50.0	0.66	1.25	False	3.81	24.4	25.21	27.0	BUILDING	ACCELERATING	54.0	BULLISH	0	INTERRUPTED	[7, 5, 6, 5, 10]	Momentum Fading — Hold, Don't Add	26.17	null	null	False	24.92	null	no valid bracket — no structural support passes the 3 gates (atr≥1.0, rr≥2.0, risk%≤regime ceiling)
NCNO	NONE	BULLISH	False	71.6	ABOVE_STRUCTURE	77.3	NONE	False	False	22.3	25.2	51.3	1.02	0.82	False	17.12	19.43	17.61	19.28	STRONG	ACCELERATING	70.7	BEARISH	2	null	[7, 7, 10, 7, 7]	Momentum Fading — Hold, Don't Add	20.62	null	null	False	19.8	null	no valid bracket — no structural support passes the 3 gates (atr≥1.0, rr≥2.0, risk%≤regime ceiling)
NU	NONE	BULLISH	False	51.4	RANGE	72.3	NONE	True	False	19.3	44.6	40.8	0.98	0.63	False	6.18	14.3	13.73	15.02	BUILDING	DECELERATING	53.4	BEARISH	1	CORRECTION_REENTRY	[10, 7, 10, 2, 9]	Declining — Avoid	14.58	null	null	False	13.95	null	no valid bracket — no structural support passes the 3 gates (atr≥1.0, rr≥2.0, risk%≤regime ceiling)
ZETA	null	null	null	80.8	RANGE	61.3	null	null	null	41.0	19.7	55.3	0.58	1.51	False	28.39	26.02	22.64	19.53	STRONG	null	70.5	null	null	null	[7, 7, 7, 7, 7]	Momentum Fading — Hold, Don't Add	29.07	null	null	False	27.56	null	no valid bracket — no structural support passes the 3 gates (atr≥1.0, rr≥2.0, risk%≤regime ceiling)
NTR	NONE	BULLISH	False	76.8	ABOVE_STRUCTURE	62.2	NONE	False	False	16.8	62.6	67.1	1.12	1.87	False	13.14	68.56	66.53	67.84	BUILDING	ACCELERATING	66.2	NONE	0	SUSTAINED	[9, 9, 10, 10, 10]	Momentum Fading — Hold, Don't Add	75.27	72.25	swing_low	True	73.4	4.01	null
KMX	NONE	BULLISH	False	82.1	BULLISH_BOS	78.2	NONE	True	False	11.4	84.1	78.9	0.75	2.14	False	11.67	58.74	55.64	44.89	BUILDING	ACCELERATING	73.8	NONE	0	INTERRUPTED	[4, 1, 5, 7, 10]	Momentum Fading — Hold, Don't Add	62.13	null	null	False	59.99	null	no valid bracket — no structural support passes the 3 gates (atr≥1.0, rr≥2.0, risk%≤regime ceiling)
FBP	NONE	BEARISH	False	60.0	BEARISH_CHOCH	63.9	NONE	True	False	null	null	36.8	0.84	0.51	False	3.55	29.0	27.54	23.33	FADING	DECELERATING	49.6	NONE	0	null	[7, 4, 1, 0, 0]	Declining — Avoid	28.52	null	null	False	28.01	null	no valid bracket — no structural support passes the 3 gates (atr≥1.0, rr≥2.0, risk%≤regime ceiling)
MPC	NONE	BULLISH	True	82.1	ABOVE_STRUCTURE	65.5	NONE	False	False	23.5	14.5	73.7	0.93	10.74	False	21.24	329.67	297.52	232.71	STRONG	DECELERATING	74.8	NONE	0	null	[10, 10, 7, 7, 7]	Momentum Fading — Hold, Don't Add	360.72	null	null	False	349.98	null	no valid bracket — no structural support passes the 3 gates (atr≥1.0, rr≥2.0, risk%≤regime ceiling)
DXCM	NONE	BULLISH	False	74.1	ABOVE_STRUCTURE	59.7	NONE	False	False	25.0	19.5	57.9	0.61	2.81	False	18.95	85.3	77.63	69.32	STRONG	ACCELERATING	68.7	NONE	0	null	[7, 7, 7, 7, 10]	Momentum Fading — Hold, Don't Add	92.34	null	null	False	89.53	null	no valid bracket — no structural support passes the 3 gates (atr≥1.0, rr≥2.0, risk%≤regime ceiling)
GWRE	NONE	BULLISH	False	71.6	ABOVE_STRUCTURE	78.2	NONE	False	False	29.0	37.4	53.9	1.03	8.24	False	30.88	168.62	144.55	158.32	STRONG	ACCELERATING	71.7	NONE	0	null	[7, 7, 7, 7, 10]	Momentum Fading — Hold, Don't Add	189.19	null	null	False	180.95	null	no valid bracket — no structural support passes the 3 gates (atr≥1.0, rr≥2.0, risk%≤regime ceiling)
PEP	NONE	BULLISH	False	54.7	null	78.2	NONE	True	False	6.2	68.8	78.9	0.95	2.68	False	2.45	140.18	140.05	148.95	FADING	ACCELERATING	66.5	NONE	0	ACCELERATION	[3, 8, 9, 9, 9]	Momentum Fading — Hold, Don't Add	143.48	null	null	False	140.8	null	no valid bracket — no structural support passes the 3 gates (atr≥1.0, rr≥2.0, risk%≤regime ceiling)
DINO	NONE	BULLISH	False	70.9	ABOVE_STRUCTURE	72.3	NONE	False	False	19.2	29.9	73.7	1.0	3.52	False	19.29	89.89	81.58	63.34	BUILDING	FLAT	71.0	NONE	0	CORRECTION_REENTRY	[10, 10, 10, 7, 10]	Momentum Fading — Hold, Don't Add	97.32	null	null	False	93.8	null	no valid bracket — no structural support passes the 3 gates (atr≥1.0, rr≥2.0, risk%≤regime ceiling)
COIN	NONE	BULLISH	False	70.3	ABOVE_STRUCTURE	58.8	NONE	False	False	31.6	85.0	100.0	2.66	10.04	False	17.66	155.8	158.51	198.53	BUILDING	ACCELERATING	76.1	BULLISH	0	ACCELERATION	[3, 0, 8, 10, 10]	Declining — Avoid	186.49	172.42	ma100	True	176.45	7.54	null
CXW	NONE	BULLISH	False	71.6	RANGE	80.7	NONE	False	False	20.1	46.5	94.7	1.71	1.53	False	10.11	31.9	30.89	22.25	BUILDING	FLAT	75.9	MIXED	3	CORRECTION_REENTRY	[9, 7, 2, 7, 10]	Momentum Building — Add	34.01	null	null	False	32.48	null	no valid bracket — no structural support passes the 3 gates (atr≥1.0, rr≥2.0, risk%≤regime ceiling)
SAP	NONE	BULLISH	False	90.5	ABOVE_STRUCTURE	65.5	NONE	False	False	27.1	24.2	52.6	0.49	6.25	False	25.46	199.9	174.31	198.23	STRONG	ACCELERATING	72.8	NONE	0	null	[7, 7, 7, 7, 7]	Momentum Fading — Hold, Don't Add	218.68	null	null	False	212.44	null	no valid bracket — no structural support passes the 3 gates (atr≥1.0, rr≥2.0, risk%≤regime ceiling)
T	NONE	BULLISH	False	81.1	BEARISH_CHOCH	73.9	NONE	False	False	12.5	29.7	57.9	0.64	0.58	False	10.41	24.22	22.91	25.11	FADING	DECELERATING	67.8	NONE	0	null	[7, 7, 10, 7, 7]	Momentum Fading — Hold, Don't Add	25.29	null	null	False	24.71	null	no valid bracket — no structural support passes the 3 gates (atr≥1.0, rr≥2.0, risk%≤regime ceiling)
CCC	NONE	BULLISH	True	72.6	ABOVE_STRUCTURE	69.7	NONE	False	False	34.9	42.1	72.4	0.55	0.36	False	27.24	6.69	5.86	6.21	STRONG	ACCELERATING	73.0	NONE	0	null	[7, 10, 10, 10, 7]	Momentum Fading — Hold, Don't Add	7.46	null	null	False	7.1	null	no valid bracket — no structural support passes the 3 gates (atr≥1.0, rr≥2.0, risk%≤regime ceiling)
TOST	NONE	BULLISH	False	78.9	BULLISH_BOS	73.1	NONE	False	False	21.1	38.2	51.3	0.8	1.28	False	20.78	34.12	30.34	30.21	STRONG	ACCELERATING	71.7	BEARISH	1	ACCUMULATION_BASE	[5, 5, 5, 5, 8]	Momentum Fading — Hold, Don't Add	36.64	null	null	False	35.36	null	no valid bracket — no structural support passes the 3 gates (atr≥1.0, rr≥2.0, risk%≤regime ceiling)
BRO	NONE	BULLISH	False	66.3	RANGE	86.6	NONE	True	False	11.1	59.7	55.3	0.55	2.15	False	8.05	71.35	67.49	69.78	BUILDING	ACCELERATING	67.0	NONE	0	ACCUMULATION_BASE	[0, 0, 5, 6, 7]	Declining — Avoid	72.92	null	null	False	70.77	null	no valid bracket — no structural support passes the 3 gates (atr≥1.0, rr≥2.0, risk%≤regime ceiling)
DUOL	NONE	BULLISH	False	76.8	BULLISH_BOS	85.7	NONE	True	False	29.6	54.4	67.1	0.47	8.38	False	12.08	136.88	130.38	134.06	BUILDING	ACCELERATING	74.6	BULLISH	0	ACCELERATION	[2, 5, 10, 10, 10]	Momentum Fading — Hold, Don't Add	146.13	null	null	False	137.75	null	no valid bracket — no structural support passes the 3 gates (atr≥1.0, rr≥2.0, risk%≤regime ceiling)
ADSK	NONE	BULLISH	False	88.4	RANGE	78.2	NONE	False	False	20.5	31.8	26.3	0.9	9.57	False	15.5	244.63	219.77	249.45	STRONG	FLAT	66.0	BEARISH	2	INTERRUPTED	[5, 4, 4, 4, 8]	Momentum Fading — Hold, Don't Add	253.83	null	null	False	244.26	null	no valid bracket — no structural support passes the 3 gates (atr≥1.0, rr≥2.0, risk%≤regime ceiling)
BETA	NONE	BULLISH	False	58.3	ABOVE_STRUCTURE	69.7	NONE	False	False	50.1	24.0	73.7	0.84	1.69	False	27.66	22.59	19.38	21.18	FADING	DECELERATING	71.7	NONE	0	null	[7, 10, 7, 7, 7]	Declining — Avoid	24.74	22.59	ma20	True	23.05	8.69	null
CRM	NONE	BULLISH	False	89.5	ABOVE_STRUCTURE	73.9	NONE	False	False	23.2	45.4	63.2	0.75	8.06	False	19.8	192.57	174.59	200.82	STRONG	ACCELERATING	75.6	NONE	0	ACCELERATION	[7, 6, 10, 10, 10]	Momentum Fading — Hold, Don't Add	209.17	null	null	False	201.11	null	no valid bracket — no structural support passes the 3 gates (atr≥1.0, rr≥2.0, risk%≤regime ceiling)
SSRM	NONE	BULLISH	False	84.2	ABOVE_STRUCTURE	62.2	NONE	False	False	45.5	43.3	67.1	1.3	1.65	False	29.25	30.32	29.22	27.27	STRONG	ACCELERATING	73.0	NONE	0	null	[7, 7, 10, 10, 10]	Momentum Fading — Hold, Don't Add	37.77	null	null	False	36.12	null	no valid bracket — no structural support passes the 3 gates (atr≥1.0, rr≥2.0, risk%≤regime ceiling)
DASH	null	null	null	84.2	BULLISH_BOS	73.1	null	null	null	24.1	26.4	52.6	0.84	8.04	False	16.68	208.48	191.54	187.52	STRONG	null	73.2	null	null	null	[7, 7, 10, 10, 7]	Momentum Fading — Hold, Don't Add	223.49	null	null	False	215.45	null	no valid bracket — no structural support passes the 3 gates (atr≥1.0, rr≥2.0, risk%≤regime ceiling)
OC	NONE	BULLISH	False	61.1	RANGE	59.7	NONE	False	False	null	null	19.7	1.05	5.1	False	3.9	148.98	142.5	123.07	FADING	DECELERATING	43.6	BEARISH	1	null	[7, 4, 1, 0, 0]	Momentum Fading — Hold, Don't Add	148.06	142.5	ma50	True	142.96	3.76	null
PAYX	NONE	BULLISH	False	76.8	RANGE	84.0	NONE	True	False	10.2	50.8	57.9	0.72	3.47	False	12.16	120.15	110.99	103.39	BUILDING	ACCELERATING	71.9	BEARISH	3	ACCUMULATION_BASE	[2, 3, 6, 7, 8]	Declining — Avoid	124.48	null	null	False	121.01	null	no valid bracket — no structural support passes the 3 gates (atr≥1.0, rr≥2.0, risk%≤regime ceiling)
MRK	NONE	BULLISH	False	73.7	ABOVE_STRUCTURE	56.3	NONE	False	False	20.1	68.5	100.0	1.59	4.41	False	19.18	134.23	128.0	115.3	STRONG	ACCELERATING	80.4	NONE	0	CORRECTION_REENTRY	[10, 7, 10, 10, 10]	Momentum Fading — Hold, Don't Add	152.55	null	null	False	148.14	null	no valid bracket — no structural support passes the 3 gates (atr≥1.0, rr≥2.0, risk%≤regime ceiling)
PLTR	null	null	null	89.3	ABOVE_STRUCTURE	63.9	null	null	null	43.0	16.7	30.3	0.88	7.7	False	29.52	157.27	138.93	151.51	STRONG	null	65.5	null	null	null	[7, 7, 7, 7, 7]	Momentum Fading — Hold, Don't Add	179.94	null	null	False	172.24	null	no valid bracket — no structural support passes the 3 gates (atr≥1.0, rr≥2.0, risk%≤regime ceiling)
HOG	NONE	BULLISH	False	82.1	RANGE	66.4	NONE	False	False	16.9	39.7	73.7	0.98	0.98	False	8.74	26.3	25.93	22.88	STRONG	ACCELERATING	73.6	NONE	0	CORRECTION_REENTRY	[7, 7, 10, 7, 10]	Momentum Fading — Hold, Don't Add	28.2	null	null	False	27.22	null	no valid bracket — no structural support passes the 3 gates (atr≥1.0, rr≥2.0, risk%≤regime ceiling)
UBER	NONE	BULLISH	False	87.4	RANGE	58.8	NONE	False	False	20.3	39.9	35.5	0.61	2.74	False	8.07	73.85	72.92	77.1	STRONG	ACCELERATING	60.8	NONE	0	ACCELERATION	[7, 6, 9, 10, 10]	Momentum Fading — Hold, Don't Add	78.8	null	null	False	76.06	null	no valid bracket — no structural support passes the 3 gates (atr≥1.0, rr≥2.0, risk%≤regime ceiling)
VSXY	NONE	BULLISH	False	38.9	RANGE	50.0	NONE	False	False	null	null	27.6	0.67	4.22	False	0.85	89.85	84.67	60.43	BUILDING	FLAT	36.5	BEARISH	2	null	[0, 0, 3, 3, 0]	Momentum Fading — Hold, Don't Add	85.39	80.56	fib_786	True	81.17	5.66	null
OXY	NONE	BULLISH	True	71.6	ABOVE_STRUCTURE	70.6	NONE	False	False	14.7	46.4	78.9	0.76	1.53	False	11.89	57.41	54.79	51.48	BUILDING	DECELERATING	71.4	BULLISH	0	SUSTAINED	[10, 10, 10, 10, 10]	Momentum Fading — Hold, Don't Add	61.3	57.93	fib_618	True	59.77	5.5	null
CMCSA	NONE	BULLISH	False	94.7	ABOVE_STRUCTURE	63.9	NONE	False	False	18.9	30.9	48.7	0.73	0.74	False	11.3	25.22	24.12	27.06	STRONG	ACCELERATING	71.3	NONE	0	CORRECTION_REENTRY	[7, 7, 10, 7, 10]	Momentum Fading — Hold, Don't Add	26.85	25.31	ma100	True	26.11	5.74	null
SNY	NONE	BULLISH	False	68.4	BULLISH_BOS	62.2	NONE	False	False	10.7	47.5	73.7	0.58	0.83	False	5.41	43.98	43.49	46.03	BUILDING	ACCELERATING	66.2	NONE	0	CORRECTION_REENTRY	[9, 9, 10, 7, 10]	Momentum Fading — Hold, Don't Add	45.85	44.37	ma100	True	45.02	3.23	null
UPST	NONE	BEARISH	False	33.5	RANGE	57.1	NONE	True	False	29.1	42.5	27.6	0.94	1.84	False	-1.67	29.32	30.82	34.56	BUILDING	ACCELERATING	41.1	NONE	0	INTERRUPTED	[5, 2, 8, 2, 8]	Declining — Avoid	30.3	null	null	False	28.46	null	no valid bracket — no structural support passes the 3 gates (atr≥1.0, rr≥2.0, risk%≤regime ceiling)
WPM	NONE	BULLISH	False	84.2	ABOVE_STRUCTURE	61.3	NONE	False	False	39.3	46.5	96.1	1.51	5.64	False	32.62	127.83	118.97	126.7	STRONG	DECELERATING	82.7	NONE	0	null	[7, 7, 10, 10, 10]	Momentum Fading — Hold, Don't Add	157.78	null	null	False	152.14	null	no valid bracket — no structural support passes the 3 gates (atr≥1.0, rr≥2.0, risk%≤regime ceiling)
GENI	NONE	BULLISH	True	68.4	RANGE	76.5	NONE	False	False	26.9	45.3	61.8	0.41	0.49	False	17.25	7.65	6.87	7.16	STRONG	FLAT	71.0	NONE	0	INTERRUPTED	[7, 3, 3, 7, 8]	Momentum Fading — Hold, Don't Add	8.06	null	null	False	7.57	null	no valid bracket — no structural support passes the 3 gates (atr≥1.0, rr≥2.0, risk%≤regime ceiling)
MSTR	NONE	BULLISH	False	41.5	ABOVE_STRUCTURE	58.8	NONE	False	False	31.0	88.7	100.0	2.41	6.78	False	19.51	98.57	99.78	143.95	BUILDING	ACCELERATING	68.5	BEARISH	1	ACCELERATION	[7, 2, 9, 10, 10]	Momentum Fading — Hold, Don't Add	119.25	null	null	False	112.47	null	no valid bracket — no structural support passes the 3 gates (atr≥1.0, rr≥2.0, risk%≤regime ceiling)
F	NONE	BULLISH	False	50.5	RANGE	51.5	NONE	False	False	16.9	30.4	63.2	0.91	0.47	False	1.78	14.3	14.16	13.46	BUILDING	ACCELERATING	48.1	NONE	0	INTERRUPTED	[3, 0, 6, 1, 9]	Momentum Fading — Hold, Don't Add	14.41	null	null	False	13.94	null	no valid bracket — no structural support passes the 3 gates (atr≥1.0, rr≥2.0, risk%≤regime ceiling)
MDLZ	NONE	BULLISH	True	63.2	RANGE	84.9	NONE	True	False	10.4	41.0	73.7	0.67	1.43	False	5.09	62.78	61.33	58.81	BUILDING	ACCELERATING	71.2	NONE	0	ACCELERATION	[4, 6, 9, 9, 10]	Momentum Fading — Hold, Don't Add	64.45	62.78	ma20	True	63.02	2.59	null
VZ	NONE	BULLISH	False	76.8	BULLISH_BOS	75.6	NONE	False	False	9.8	36.0	57.9	0.66	1.04	False	8.29	47.65	45.66	45.23	FADING	DECELERATING	65.2	NONE	0	null	[7, 10, 10, 7, 7]	Momentum Fading — Hold, Don't Add	49.45	null	null	False	48.41	null	no valid bracket — no structural support passes the 3 gates (atr≥1.0, rr≥2.0, risk%≤regime ceiling)
FLUT	NONE	BEARISH	True	38.3	RANGE	48.7	NONE	False	False	20.6	52.8	48.7	0.31	5.04	False	-0.59	100.13	103.22	137.51	BUILDING	ACCELERATING	40.5	NONE	0	INTERRUPTED	[0, 0, 5, 7, 9]	Momentum Fading — Hold, Don't Add	102.61	null	null	False	97.56	null	no valid bracket — no structural support passes the 3 gates (atr≥1.0, rr≥2.0, risk%≤regime ceiling)
NMRK	NONE	BULLISH	False	73.7	RANGE	63.9	NONE	False	False	15.3	62.4	78.9	0.73	0.57	False	6.02	15.34	15.29	15.81	BUILDING	ACCELERATING	66.4	BULLISH	0	ACCELERATION	[7, 6, 10, 10, 10]	Momentum Building — Add	16.21	null	null	False	15.64	null	no valid bracket — no structural support passes the 3 gates (atr≥1.0, rr≥2.0, risk%≤regime ceiling)
MDT	NONE	BULLISH	False	68.4	null	62.2	NONE	False	False	12.9	38.8	59.2	1.07	2.15	False	10.67	88.84	84.35	89.8	STRONG	ACCELERATING	66.5	NONE	0	null	[7, 10, 10, 7, 7]	Momentum Fading — Hold, Don't Add	93.35	null	null	False	91.2	null	no valid bracket — no structural resistance above price
CME	NONE	BULLISH	False	76.8	null	76.5	BREAKOUT_UP	True	False	9.1	54.3	76.3	0.92	6.41	False	9.06	265.59	252.15	278.54	FADING	DECELERATING	73.4	NONE	0	CORRECTION_REENTRY	[7, 10, 6, 9, 9]	Declining — Avoid	274.98	265.59	ma20	True	268.57	3.41	null
PLD	NONE	BEARISH	False	27.4	RANGE	53.0	NONE	False	False	8.3	22.9	52.6	0.65	2.54	False	-0.73	141.98	142.85	136.52	BUILDING	ACCELERATING	38.2	NONE	0	INTERRUPTED	[3, 3, 5, 3, 8]	Momentum Building — Add	141.8	null	null	False	139.27	null	no valid bracket — no structural support passes the 3 gates (atr≥1.0, rr≥2.0, risk%≤regime ceiling)
NWS	NONE	BULLISH	False	77.9	RANGE	68.9	NONE	False	False	14.6	42.4	73.7	0.77	0.93	False	11.1	32.72	31.1	29.6	STRONG	ACCELERATING	75.6	BEARISH	2	ACCELERATION	[4, 9, 9, 10, 10]	Momentum Fading — Hold, Don't Add	34.55	null	null	False	33.62	null	no valid bracket — no structural support passes the 3 gates (atr≥1.0, rr≥2.0, risk%≤regime ceiling)
TGT	NONE	BULLISH	False	73.7	ABOVE_STRUCTURE	56.3	NONE	False	False	18.5	66.8	76.3	1.46	4.98	False	17.39	150.79	140.93	118.82	STRONG	ACCELERATING	73.9	NONE	0	ACCELERATION	[7, 6, 10, 10, 10]	Momentum Fading — Hold, Don't Add	165.44	null	null	False	160.46	null	no valid bracket — no structural support passes the 3 gates (atr≥1.0, rr≥2.0, risk%≤regime ceiling)
PGR	NONE	BULLISH	True	51.6	BULLISH_BOS	61.3	NONE	False	False	9.7	100.0	52.6	0.74	5.4	False	1.99	213.24	214.99	210.46	BUILDING	ACCELERATING	50.1	NONE	0	ACCELERATION	[0, 3, 5, 9, 10]	Declining — Avoid	219.28	213.24	ma_cluster	True	213.88	2.75	null
FIGR	NONE	BULLISH	False	86.7	ABOVE_STRUCTURE	63.0	NONE	False	False	48.8	47.4	88.2	1.22	2.46	False	30.36	30.32	29.99	36.94	STRONG	ACCELERATING	81.3	BULLISH	0	CORRECTION_REENTRY	[10, 10, 10, 7, 10]	Declining — Avoid	39.1	null	null	False	36.64	null	no valid bracket — no structural support passes the 3 gates (atr≥1.0, rr≥2.0, risk%≤regime ceiling)
CCJ	NONE	BEARISH	False	53.7	RANGE	62.2	NONE	False	False	20.7	43.7	60.5	1.33	3.94	False	6.62	94.24	96.14	104.83	BUILDING	DECELERATING	59.6	NONE	0	INTERRUPTED	[7, 7, 6, 4, 10]	Momentum Fading — Hold, Don't Add	102.51	96.14	ma50	True	98.57	6.21	null
GILD	null	null	null	81.1	ABOVE_STRUCTURE	64.7	null	null	null	14.9	57.9	73.7	0.8	4.06	False	10.78	136.1	131.9	133.06	STRONG	null	75.7	null	null	CORRECTION_REENTRY	[10, 10, 10, 7, 10]	Momentum Fading — Hold, Don't Add	146.12	null	null	False	142.06	null	no valid bracket — no structural support passes the 3 gates (atr≥1.0, rr≥2.0, risk%≤regime ceiling)
CVE	NONE	BULLISH	True	68.8	ABOVE_STRUCTURE	63.9	NONE	False	False	19.9	33.2	65.8	0.53	0.93	False	17.76	30.08	27.96	23.88	BUILDING	DECELERATING	67.1	BEARISH	1	null	[10, 10, 10, 7, 7]	Momentum Fading — Hold, Don't Add	32.93	null	null	False	32.0	null	no valid bracket — no structural support passes the 3 gates (atr≥1.0, rr≥2.0, risk%≤regime ceiling)
IBKR	NONE	BEARISH	False	60.0	RANGE	74.8	NONE	True	False	10.3	60.3	78.9	1.27	3.19	False	2.25	90.08	91.8	77.65	BUILDING	ACCELERATING	63.7	BULLISH	0	CORRECTION_REENTRY	[10, 4, 4, 2, 9]	Declining — Avoid	93.87	90.08	ma_cluster	True	90.68	4.04	null
CNQ	NONE	BULLISH	False	76.8	ABOVE_STRUCTURE	70.6	NONE	False	False	15.3	42.8	68.4	0.61	1.16	False	15.92	47.37	44.34	41.62	FADING	DECELERATING	70.3	NONE	0	SUSTAINED	[10, 10, 10, 10, 10]	Momentum Fading — Hold, Don't Add	51.4	null	null	False	50.24	null	no valid bracket — no structural support passes the 3 gates (atr≥1.0, rr≥2.0, risk%≤regime ceiling)
ASAN	NONE	BULLISH	False	62.9	RANGE	78.2	NONE	False	False	33.4	34.0	44.7	0.69	0.57	False	21.73	8.9	7.87	8.97	STRONG	ACCELERATING	66.9	NONE	0	null	[5, 6, 10, 7, 7]	Momentum Fading — Hold, Don't Add	9.58	8.97	ma200	True	9.01	6.37	null
DV	null	null	null	78.9	RANGE	62.2	null	null	null	21.6	2.4	51.3	0.24	0.3	False	15.05	12.47	11.57	10.69	STRONG	null	69.2	null	null	null	[7, 7, 7, 7, 7]	Momentum Fading — Hold, Don't Add	13.31	null	null	False	13.01	null	no valid bracket — no structural support passes the 3 gates (atr≥1.0, rr≥2.0, risk%≤regime ceiling)
DBRG	NONE	BULLISH	False	62.1	RANGE	71.4	NONE	False	False	null	null	15.8	0.91	0.04	False	0.7	15.9	15.82	14.85	FADING	DECELERATING	46.2	NONE	0	null	[3, 3, 3, 3, 6]	Declining — Avoid	15.93	null	null	False	15.89	null	no valid bracket — no structural support passes the 3 gates (atr≥1.0, rr≥2.0, risk%≤regime ceiling)
KO	NONE	BULLISH	True	71.6	BULLISH_BOS	68.9	NONE	False	False	10.7	52.3	73.7	0.98	1.61	False	8.05	87.73	84.31	77.49	STRONG	ACCELERATING	74.3	NONE	0	ACCELERATION	[4, 7, 9, 10, 10]	Momentum Fading — Hold, Don't Add	91.1	null	null	False	89.49	null	no valid bracket — no structural support passes the 3 gates (atr≥1.0, rr≥2.0, risk%≤regime ceiling)
LLY	NONE	BULLISH	False	68.4	BULLISH_BOS	63.0	NONE	False	False	15.3	68.8	78.9	0.88	41.92	False	6.43	1198.1	1179.58	1052.98	BUILDING	ACCELERATING	66.3	BULLISH	0	ACCELERATION	[0, 8, 10, 10, 10]	Momentum Fading — Hold, Don't Add	1255.4	null	null	False	1213.48	null	no valid bracket — no structural support passes the 3 gates (atr≥1.0, rr≥2.0, risk%≤regime ceiling)
DLO	NONE	BEARISH	False	63.6	RANGE	77.3	NONE	False	False	14.2	79.5	75.0	1.85	0.59	False	7.51	14.63	14.11	13.36	BUILDING	ACCELERATING	65.0	NONE	0	ACCUMULATION_BASE	[0, 0, 3, 3, 7]	Momentum Fading — Hold, Don't Add	15.17	null	null	False	14.58	null	no valid bracket — no structural support passes the 3 gates (atr≥1.0, rr≥2.0, risk%≤regime ceiling)
SPOT	NONE	BULLISH	False	78.9	BULLISH_BOS	71.4	NONE	False	False	16.5	63.8	34.2	0.7	21.71	False	9.74	504.26	486.34	511.51	BUILDING	ACCELERATING	59.5	NONE	0	ACCELERATION	[4, 10, 10, 10, 10]	Momentum Fading — Hold, Don't Add	533.72	null	null	False	512.01	null	no valid bracket — no structural support passes the 3 gates (atr≥1.0, rr≥2.0, risk%≤regime ceiling)
PFE	NONE	BULLISH	False	84.2	ABOVE_STRUCTURE	64.7	NONE	False	False	15.1	45.4	59.2	0.91	0.61	False	10.68	26.3	25.36	25.99	STRONG	ACCELERATING	72.8	NONE	0	null	[7, 10, 10, 7, 7]	Momentum Fading — Hold, Don't Add	28.07	null	null	False	27.46	null	no valid bracket — no structural support passes the 3 gates (atr≥1.0, rr≥2.0, risk%≤regime ceiling)
SHEL	NONE	BULLISH	False	68.4	BULLISH_BOS	76.5	NONE	False	False	9.8	46.9	35.5	0.55	1.51	False	9.32	90.22	85.37	82.28	FADING	FLAT	58.5	NONE	0	null	[7, 9, 10, 10, 10]	Momentum Fading — Hold, Don't Add	93.33	null	null	False	91.81	null	no valid bracket — no structural support passes the 3 gates (atr≥1.0, rr≥2.0, risk%≤regime ceiling)
UAL	NONE	BULLISH	False	29.5	RANGE	45.6	NONE	False	False	null	null	28.9	1.04	4.17	False	-8.38	123.48	123.53	107.51	FADING	DECELERATING	28.3	NONE	0	null	[0, 0, 0, 0, 0]	Declining — Avoid	113.17	107.51	ma200	True	109.0	5.0	null
ARE	NONE	BEARISH	False	51.6	RANGE	54.6	NONE	False	False	19.6	84.1	75.0	1.43	2.08	False	5.7	50.21	50.61	50.19	BUILDING	ACCELERATING	55.6	NONE	0	ACCELERATION	[0, 0, 5, 9, 10]	Momentum Building — Add	53.49	null	null	False	51.41	null	no valid bracket — no structural support passes the 3 gates (atr≥1.0, rr≥2.0, risk%≤regime ceiling)
ICE	NONE	BULLISH	False	80.0	BULLISH_BOS	78.2	NONE	False	False	11.2	45.6	73.7	0.88	3.69	False	13.06	153.3	142.62	154.66	FADING	FLAT	77.4	NONE	0	null	[7, 10, 10, 10, 10]	Declining — Avoid	161.25	null	null	False	157.56	null	no valid bracket — no structural support passes the 3 gates (atr≥1.0, rr≥2.0, risk%≤regime ceiling)
KR	NONE	BEARISH	False	36.8	BEARISH_CHOCH	58.2	NONE	True	False	9.8	52.6	56.6	0.94	1.48	False	-0.45	57.25	58.16	64.39	BUILDING	ACCELERATING	47.8	NONE	0	ACCUMULATION_BASE	[0, 3, 3, 5, 8]	Momentum Fading — Hold, Don't Add	57.9	56.28	swing_low_3	True	56.42	2.8	null
NTNX	NONE	BULLISH	False	73.7	RANGE	71.4	NONE	False	False	21.2	23.2	75.0	1.27	2.12	False	20.41	62.95	56.17	48.88	FADING	ACCELERATING	77.1	NONE	0	null	[7, 7, 7, 7, 10]	Momentum Fading — Hold, Don't Add	67.64	null	null	False	65.52	null	no valid bracket — no structural support passes the 3 gates (atr≥1.0, rr≥2.0, risk%≤regime ceiling)
CVX	NONE	BULLISH	False	71.6	ABOVE_STRUCTURE	68.9	NONE	False	False	11.7	38.4	78.9	0.91	4.08	False	10.56	195.77	185.67	178.59	FADING	DECELERATING	69.9	NONE	0	null	[10, 10, 10, 7, 7]	Momentum Fading — Hold, Don't Add	205.27	null	null	False	201.19	null	no valid bracket — no structural support passes the 3 gates (atr≥1.0, rr≥2.0, risk%≤regime ceiling)
KGC	NONE	BULLISH	False	100.0	ABOVE_STRUCTURE	61.3	NONE	False	False	38.2	51.8	84.2	1.57	1.22	False	29.85	26.43	25.23	29.12	STRONG	ACCELERATING	82.3	NONE	0	null	[7, 7, 10, 10, 10]	Momentum Fading — Hold, Don't Add	32.76	null	null	False	31.54	null	no valid bracket — no structural support passes the 3 gates (atr≥1.0, rr≥2.0, risk%≤regime ceiling)
AZN	NONE	BEARISH	False	42.1	BEARISH_CHOCH	37.8	NONE	False	False	13.2	53.9	52.6	0.73	4.05	False	-3.58	162.96	172.15	184.02	BUILDING	ACCELERATING	41.0	NONE	0	ACCELERATION	[3, 5, 7, 9, 10]	Momentum Fading — Hold, Don't Add	165.98	154.53	swing_low_1	True	161.93	6.9	null
TRI	NONE	BULLISH	True	68.4	RANGE	87.4	NONE	True	False	22.1	36.7	40.8	0.62	5.04	False	13.52	102.68	92.96	104.15	STRONG	ACCELERATING	68.1	BEARISH	3	INTERRUPTED	[2, 0, 6, 7, 8]	Declining — Avoid	105.53	null	null	False	100.49	null	no valid bracket — no structural support passes the 3 gates (atr≥1.0, rr≥2.0, risk%≤regime ceiling)
COLD	NONE	BEARISH	False	57.9	RANGE	70.6	NONE	True	False	11.5	58.5	48.7	0.59	0.51	False	1.75	14.63	14.99	13.19	BUILDING	ACCELERATING	57.2	NONE	0	ACCELERATION	[4, 8, 9, 9, 10]	Momentum Building — Add	15.25	null	null	False	14.74	null	no valid bracket — no structural support passes the 3 gates (atr≥1.0, rr≥2.0, risk%≤regime ceiling)
TEVA	null	null	null	94.7	ABOVE_STRUCTURE	64.7	null	null	null	20.1	24.8	35.5	0.71	1.03	False	10.21	35.45	33.88	31.95	STRONG	null	68.4	null	null	null	[7, 7, 10, 7, 7]	Momentum Fading — Hold, Don't Add	37.34	null	null	False	36.31	null	no valid bracket — no structural support passes the 3 gates (atr≥1.0, rr≥2.0, risk%≤regime ceiling)
B	NONE	BULLISH	False	86.7	null	61.3	NONE	False	False	29.6	47.6	73.7	1.04	1.67	False	22.5	40.74	38.86	42.0	STRONG	FLAT	75.3	NONE	0	CORRECTION_REENTRY	[10, 7, 10, 10, 10]	Momentum Fading — Hold, Don't Add	47.6	null	null	False	45.93	null	no valid bracket — no structural resistance above price
ESTC	NONE	BULLISH	False	60.0	ABOVE_STRUCTURE	65.5	NONE	False	False	38.9	18.2	72.4	0.63	3.56	False	30.67	75.13	65.77	63.88	STRONG	ACCELERATING	73.4	NONE	0	null	[7, 7, 7, 7, 7]	Momentum Fading — Hold, Don't Add	85.94	null	null	False	82.38	null	no valid bracket — no structural support passes the 3 gates (atr≥1.0, rr≥2.0, risk%≤regime ceiling)
TTEK	NONE	BULLISH	False	73.7	ABOVE_STRUCTURE	59.7	NONE	False	False	17.0	33.9	63.2	1.04	1.06	False	16.21	34.92	31.84	32.83	FADING	ACCELERATING	68.8	NONE	0	CORRECTION_REENTRY	[7, 7, 10, 7, 10]	Declining — Avoid	37.0	null	null	False	35.94	null	no valid bracket — no structural support passes the 3 gates (atr≥1.0, rr≥2.0, risk%≤regime ceiling)
EL	NONE	BULLISH	False	86.3	ABOVE_STRUCTURE	59.7	NONE	False	False	22.9	85.1	98.7	1.96	3.65	False	19.97	87.7	84.97	91.59	STRONG	ACCELERATING	79.8	NONE	0	ACCELERATION	[0, 0, 10, 10, 10]	Momentum Fading — Hold, Don't Add	101.94	null	null	False	98.29	null	no valid bracket — no structural support passes the 3 gates (atr≥1.0, rr≥2.0, risk%≤regime ceiling)
HOOD	NONE	BEARISH	False	41.5	RANGE	74.8	BREAKOUT_UP	True	True	26.9	67.5	100.0	2.75	6.12	False	7.8	93.88	100.31	96.08	BUILDING	ACCELERATING	71.1	NONE	0	CORRECTION_REENTRY	[10, 2, 7, 7, 10]	Declining — Avoid	108.13	null	null	False	102.01	null	no valid bracket — no structural support passes the 3 gates (atr≥1.0, rr≥2.0, risk%≤regime ceiling)
PSX	NONE	BULLISH	True	84.2	ABOVE_STRUCTURE	63.0	NONE	False	False	20.9	28.0	78.9	0.98	6.79	False	21.91	220.38	199.22	166.96	STRONG	FLAT	76.0	NONE	0	null	[10, 10, 7, 7, 7]	Momentum Fading — Hold, Don't Add	242.87	null	null	False	236.08	null	no valid bracket — no structural support passes the 3 gates (atr≥1.0, rr≥2.0, risk%≤regime ceiling)
VALE	NONE	BEARISH	False	34.7	RANGE	39.2	NONE	False	False	11.1	70.2	36.8	1.19	0.4	False	-0.93	14.46	14.73	15.02	BUILDING	DECELERATING	34.0	BULLISH	0	ACCUMULATION_BASE	[0, 0, 3, 5, 8]	Momentum Fading — Hold, Don't Add	14.59	14.01	swing_low_3	True	14.19	3.98	null
CELH	NONE	BULLISH	False	66.3	null	63.0	NONE	False	False	34.8	54.6	73.7	0.57	1.77	False	13.14	29.15	29.48	38.43	STRONG	ACCELERATING	69.3	BULLISH	0	SUSTAINED	[10, 10, 10, 10, 10]	Momentum Fading — Hold, Don't Add	33.36	null	null	False	31.59	null	no valid bracket — no structural support passes the 3 gates (atr≥1.0, rr≥2.0, risk%≤regime ceiling)
AMGN	NONE	BULLISH	False	73.7	ABOVE_STRUCTURE	63.0	NONE	False	False	16.8	45.7	78.9	0.76	10.99	False	15.93	408.16	378.96	352.83	FADING	ACCELERATING	75.9	NONE	0	null	[7, 7, 10, 7, 7]	Momentum Fading — Hold, Don't Add	439.33	null	null	False	428.34	null	no valid bracket — no structural support passes the 3 gates (atr≥1.0, rr≥2.0, risk%≤regime ceiling)
NVS	NONE	BULLISH	False	58.9	BULLISH_BOS	76.5	NONE	False	False	7.6	84.7	57.9	0.75	3.16	False	2.94	155.48	154.33	148.25	BUILDING	ACCELERATING	58.7	NONE	0	ACCELERATION	[3, 5, 9, 9, 10]	Momentum Fading — Hold, Don't Add	158.86	155.48	ma20	True	155.7	2.13	null
AMT	NONE	BULLISH	False	49.5	BEARISH_CHOCH	71.4	NONE	True	False	10.4	43.4	31.6	0.62	4.49	False	2.24	172.74	171.95	177.88	FADING	ACCELERATING	48.4	BULLISH	0	ACCELERATION	[6, 6, 8, 9, 9]	Momentum Building — Add	175.8	null	null	False	171.31	null	no valid bracket — no structural support passes the 3 gates (atr≥1.0, rr≥2.0, risk%≤regime ceiling)
VLTO	NONE	BULLISH	False	63.2	RANGE	84.9	NONE	True	False	null	null	31.6	1.27	2.28	False	6.93	97.17	92.37	93.46	BUILDING	ACCELERATING	60.6	NONE	0	null	[4, 1, 7, 7, 5]	Declining — Avoid	98.77	null	null	False	96.49	null	no valid bracket — no structural support passes the 3 gates (atr≥1.0, rr≥2.0, risk%≤regime ceiling)
DHR	NONE	BULLISH	True	84.2	ABOVE_STRUCTURE	60.5	NONE	False	False	15.0	67.1	67.1	1.07	6.96	False	11.98	202.86	195.43	202.97	BUILDING	ACCELERATING	68.7	NONE	0	ACCELERATION	[6, 0, 9, 10, 10]	Momentum Fading — Hold, Don't Add	218.85	null	null	False	211.89	null	no valid bracket — no structural support passes the 3 gates (atr≥1.0, rr≥2.0, risk%≤regime ceiling)
CTVA	NONE	BEARISH	False	32.6	BEARISH_CHOCH	39.6	NONE	False	False	19.9	42.6	55.3	0.95	2.22	False	-0.09	79.81	81.86	76.34	BUILDING	ACCELERATING	39.6	NONE	0	INTERRUPTED	[3, 3, 5, 8, 9]	Momentum Fading — Hold, Don't Add	81.79	null	null	False	79.57	null	no valid bracket — no structural support passes the 3 gates (atr≥1.0, rr≥2.0, risk%≤regime ceiling)
BMY	NONE	BULLISH	False	71.6	RANGE	82.4	NONE	True	False	9.8	81.5	53.9	0.54	1.8	False	10.63	64.73	60.57	57.14	FADING	ACCELERATING	68.8	NONE	0	CORRECTION_REENTRY	[7, 7, 10, 5, 10]	Momentum Fading — Hold, Don't Add	67.01	null	null	False	65.21	null	no valid bracket — no structural support passes the 3 gates (atr≥1.0, rr≥2.0, risk%≤regime ceiling)
BULL	NONE	BULLISH	False	68.4	ABOVE_STRUCTURE	51.3	NONE	False	False	35.8	66.6	57.9	2.33	0.48	False	19.04	7.68	7.38	7.18	BUILDING	ACCELERATING	60.4	NONE	0	CORRECTION_REENTRY	[10, 7, 10, 10, 10]	Momentum Fading — Hold, Don't Add	8.78	8.08	fib_618	True	8.29	7.97	null
DBX	NONE	BULLISH	False	73.7	RANGE	79.0	NONE	False	False	20.7	19.4	40.8	0.46	1.22	False	13.38	33.74	30.4	27.41	STRONG	ACCELERATING	67.1	BEARISH	2	ACCUMULATION_BASE	[3, 3, 3, 3, 7]	Momentum Fading — Hold, Don't Add	34.47	null	null	False	33.25	null	no valid bracket — no structural support passes the 3 gates (atr≥1.0, rr≥2.0, risk%≤regime ceiling)
GPN	NONE	BULLISH	False	74.7	RANGE	81.5	NONE	False	False	15.3	31.6	57.9	1.31	3.14	False	17.59	88.65	79.5	74.87	STRONG	DECELERATING	72.2	BEARISH	2	INTERRUPTED	[7, 7, 7, 5, 10]	Declining — Avoid	93.49	null	null	False	90.35	null	no valid bracket — no structural support passes the 3 gates (atr≥1.0, rr≥2.0, risk%≤regime ceiling)
PBR-A	NONE	BULLISH	False	70.5	BULLISH_BOS	75.6	NONE	False	False	8.8	83.0	61.8	0.85	0.41	False	8.42	16.45	15.88	15.32	BUILDING	DECELERATING	61.9	BEARISH	2	ACCELERATION	[5, 6, 7, 10, 10]	Momentum Fading — Hold, Don't Add	17.22	16.45	ma20	True	16.81	4.47	null
RVMD	NONE	BULLISH	False	66.3	ABOVE_STRUCTURE	71.4	NONE	False	False	21.2	38.2	63.2	1.28	7.34	False	12.01	199.8	187.0	126.66	FADING	ACCELERATING	66.6	NONE	0	null	[10, 10, 7, 7, 7]	Momentum Fading — Hold, Don't Add	209.46	199.8	ma20	True	202.12	4.61	null
A	null	null	null	63.2	ABOVE_STRUCTURE	68.9	null	null	null	16.7	51.9	88.2	1.63	4.03	False	15.62	145.75	137.52	131.3	STRONG	null	76.2	null	null	null	[7, 7, 10, 10, 10]	Momentum Fading — Hold, Don't Add	159.0	null	null	False	154.97	null	no valid bracket — no structural support passes the 3 gates (atr≥1.0, rr≥2.0, risk%≤regime ceiling)
NWL	NONE	BULLISH	False	54.5	RANGE	68.1	NONE	False	False	35.1	22.3	65.8	0.45	0.35	False	10.25	5.88	5.52	4.34	BUILDING	DECELERATING	65.5	NONE	0	INTERRUPTED	[7, 2, 4, 0, 7]	Momentum Fading — Hold, Don't Add	6.09	null	null	False	5.74	null	no valid bracket — no structural support passes the 3 gates (atr≥1.0, rr≥2.0, risk%≤regime ceiling)
INTU	NONE	BULLISH	False	73.1	ABOVE_STRUCTURE	71.4	NONE	False	False	21.5	52.4	67.1	0.92	14.53	False	22.61	334.28	299.33	442.47	FADING	ACCELERATING	73.2	NONE	0	null	[7, 7, 10, 10, 10]	Momentum Fading — Hold, Don't Add	367.0	335.15	ma100	True	352.48	8.68	null
PK	NONE	BULLISH	False	71.6	BULLISH_BOS	76.5	NONE	False	False	11.2	66.9	57.9	0.81	0.42	False	7.17	15.07	14.72	12.02	BUILDING	ACCELERATING	62.2	NONE	0	null	[7, 9, 10, 10, 10]	Momentum Building — Add	15.78	null	null	False	15.36	null	no valid bracket — no structural support passes the 3 gates (atr≥1.0, rr≥2.0, risk%≤regime ceiling)
DVN	NONE	BULLISH	False	71.6	ABOVE_STRUCTURE	62.2	NONE	False	False	16.7	45.9	67.1	0.81	1.3	False	11.91	45.21	43.87	42.82	FADING	ACCELERATING	65.1	BULLISH	0	SUSTAINED	[10, 10, 10, 10, 10]	Momentum Fading — Hold, Don't Add	49.1	null	null	False	47.8	null	no valid bracket — no structural support passes the 3 gates (atr≥1.0, rr≥2.0, risk%≤regime ceiling)
WRBY	NONE	BEARISH	True	45.7	RANGE	56.3	NONE	False	False	23.2	58.0	34.2	0.61	1.69	False	1.95	26.68	26.92	24.47	BUILDING	ACCELERATING	47.1	BEARISH	5	ACCELERATION	[0, 3, 9, 10, 10]	Momentum Fading — Hold, Don't Add	27.44	null	null	False	25.75	null	no valid bracket — no structural support passes the 3 gates (atr≥1.0, rr≥2.0, risk%≤regime ceiling)
HRB	NONE	BULLISH	True	55.8	RANGE	75.6	NONE	False	False	35.7	19.8	42.1	0.59	2.24	False	26.52	48.31	42.43	38.5	STRONG	FLAT	65.7	NONE	0	null	[7, 7, 7, 7, 7]	Momentum Fading — Hold, Don't Add	53.68	null	null	False	51.44	null	no valid bracket — no structural support passes the 3 gates (atr≥1.0, rr≥2.0, risk%≤regime ceiling)
FLYW	NONE	BULLISH	False	87.4	ABOVE_STRUCTURE	72.3	NONE	False	False	22.7	32.9	68.4	0.91	0.74	False	12.99	17.65	17.29	14.49	STRONG	ACCELERATING	75.5	NONE	0	CORRECTION_REENTRY	[7, 7, 10, 7, 10]	Declining — Avoid	19.54	null	null	False	18.8	null	no valid bracket — no structural support passes the 3 gates (atr≥1.0, rr≥2.0, risk%≤regime ceiling)
VLO	NONE	BULLISH	True	68.4	ABOVE_STRUCTURE	63.9	NONE	False	False	19.0	18.8	68.4	0.74	10.81	False	19.02	321.86	293.1	230.68	STRONG	FLAT	69.4	NONE	0	null	[10, 10, 7, 7, 7]	Momentum Fading — Hold, Don't Add	348.86	null	null	False	338.05	null	no valid bracket — no structural support passes the 3 gates (atr≥1.0, rr≥2.0, risk%≤regime ceiling)
RHI	NONE	BULLISH	False	72.6	ABOVE_STRUCTURE	75.6	NONE	False	False	23.6	35.1	57.9	1.08	1.96	False	20.49	41.49	37.14	29.42	STRONG	ACCELERATING	70.4	NONE	0	CORRECTION_REENTRY	[7, 10, 7, 5, 10]	Declining — Avoid	44.75	null	null	False	42.79	null	no valid bracket — no structural support passes the 3 gates (atr≥1.0, rr≥2.0, risk%≤regime ceiling)
CSX	NONE	BULLISH	False	58.9	RANGE	87.4	NONE	True	False	null	null	31.6	1.14	0.99	False	4.45	50.57	49.39	42.4	BUILDING	FLAT	53.9	NONE	0	null	[5, 3, 6, 6, 7]	Declining — Avoid	51.59	50.57	ma20	True	50.6	1.98	null
VEEV	NONE	BULLISH	True	55.8	ABOVE_STRUCTURE	67.2	NONE	False	False	29.1	21.2	57.9	0.62	8.38	False	25.41	226.42	197.66	199.74	FADING	ACCELERATING	67.9	NONE	0	null	[7, 7, 7, 7, 7]	Momentum Fading — Hold, Don't Add	247.9	null	null	False	239.52	null	no valid bracket — no structural support passes the 3 gates (atr≥1.0, rr≥2.0, risk%≤regime ceiling)
AEM	NONE	BULLISH	False	84.2	ABOVE_STRUCTURE	63.0	NONE	False	False	43.8	38.3	78.9	1.69	7.65	False	34.19	173.31	161.01	184.36	STRONG	DECELERATING	78.8	NONE	0	null	[7, 7, 10, 10, 10]	Momentum Fading — Hold, Don't Add	216.06	null	null	False	208.41	null	no valid bracket — no structural support passes the 3 gates (atr≥1.0, rr≥2.0, risk%≤regime ceiling)
EOG	NONE	BULLISH	True	73.7	ABOVE_STRUCTURE	62.2	NONE	False	False	14.1	54.5	73.7	1.11	3.69	False	10.11	143.84	138.99	126.74	FADING	ACCELERATING	63.1	MIXED	1	SUSTAINED	[9, 10, 10, 10, 10]	Momentum Fading — Hold, Don't Add	153.05	null	null	False	149.36	null	no valid bracket — no structural support passes the 3 gates (atr≥1.0, rr≥2.0, risk%≤regime ceiling)
TMUS	NONE	BULLISH	False	62.1	BEARISH_CHOCH	71.4	NONE	True	False	10.0	46.1	31.6	0.86	5.43	False	0.72	179.07	181.73	195.96	BUILDING	ACCELERATING	51.1	BULLISH	0	CORRECTION_REENTRY	[6, 9, 9, 6, 9]	Momentum Fading — Hold, Don't Add	183.04	null	null	False	177.61	null	no valid bracket — no structural support passes the 3 gates (atr≥1.0, rr≥2.0, risk%≤regime ceiling)
TSLA	NONE	BEARISH	False	48.4	BEARISH_CHOCH	63.0	NONE	False	False	20.8	48.7	94.7	1.68	13.86	False	-0.82	328.14	365.86	403.32	BUILDING	ACCELERATING	70.8	NONE	0	CORRECTION_REENTRY	[10, 6, 10, 7, 10]	Momentum Fading — Hold, Don't Add	362.86	337.24	swing_low_2	True	349.0	7.06	null
GEO	NONE	BULLISH	False	73.7	BULLISH_BOS	79.0	BREAKOUT_UP	True	True	13.0	69.1	82.9	1.5	1.24	False	8.0	31.03	30.29	20.74	BUILDING	FLAT	72.3	MIXED	3	INTERRUPTED	[6, 1, 0, 6, 10]	Momentum Building — Add	32.71	null	null	False	31.47	null	no valid bracket — no structural support passes the 3 gates (atr≥1.0, rr≥2.0, risk%≤regime ceiling)
INTC	NONE	BEARISH	False	28.4	BEARISH_CHOCH	39.5	NONE	False	False	null	null	19.7	0.77	6.5	False	-16.74	95.7	108.18	71.51	BUILDING	DECELERATING	25.5	NONE	0	null	[7, 4, 2, 2, 0]	Momentum Fading — Hold, Don't Add	90.07	81.79	swing_low_1	True	83.57	9.19	null
RELY	NONE	BULLISH	False	76.8	RANGE	65.5	NONE	False	False	19.5	47.5	60.5	0.86	1.21	False	14.56	24.48	23.28	18.06	STRONG	ACCELERATING	68.4	NONE	0	CORRECTION_REENTRY	[10, 7, 7, 4, 10]	Momentum Fading — Hold, Don't Add	26.67	null	null	False	25.46	null	no valid bracket — no structural support passes the 3 gates (atr≥1.0, rr≥2.0, risk%≤regime ceiling)
WT	NONE	BULLISH	False	84.2	BULLISH_BOS	58.0	NONE	False	False	26.1	17.2	60.5	0.75	0.83	False	18.53	21.55	19.83	16.33	STRONG	ACCELERATING	71.0	BEARISH	2	null	[7, 7, 7, 7, 10]	Declining — Avoid	23.51	null	null	False	22.68	null	no valid bracket — no structural support passes the 3 gates (atr≥1.0, rr≥2.0, risk%≤regime ceiling)
BSY	NONE	BULLISH	False	93.7	BEARISH_CHOCH	84.9	NONE	True	False	15.8	48.8	61.8	0.58	1.53	False	13.2	35.73	32.76	35.93	BUILDING	ACCELERATING	75.6	NONE	0	INTERRUPTED	[2, 0, 5, 7, 8]	Momentum Fading — Hold, Don't Add	37.08	null	null	False	35.55	null	no valid bracket — no structural support passes the 3 gates (atr≥1.0, rr≥2.0, risk%≤regime ceiling)
CP	NONE	BULLISH	False	71.6	ABOVE_STRUCTURE	63.9	NONE	False	False	10.5	39.0	42.1	0.64	1.85	False	7.09	92.11	90.29	82.08	BUILDING	ACCELERATING	57.3	NONE	0	CORRECTION_REENTRY	[10, 6, 9, 9, 10]	Declining — Avoid	96.69	null	null	False	94.84	null	no valid bracket — no structural support passes the 3 gates (atr≥1.0, rr≥2.0, risk%≤regime ceiling)
TTAN	null	null	null	78.9	ABOVE_STRUCTURE	69.7	null	null	null	29.9	32.0	61.8	0.76	4.85	False	21.6	87.07	78.02	78.23	STRONG	null	74.6	null	null	CORRECTION_REENTRY	[7, 7, 10, 7, 10]	Momentum Fading — Hold, Don't Add	94.87	null	null	False	90.02	null	no valid bracket — no structural support passes the 3 gates (atr≥1.0, rr≥2.0, risk%≤regime ceiling)
CPNG	NONE	BULLISH	False	44.2	BEARISH_CHOCH	58.2	NONE	True	False	12.4	58.2	22.4	0.58	0.61	False	-3.0	16.14	16.96	19.95	BUILDING	ACCELERATING	38.6	NONE	0	INTERRUPTED	[2, 0, 7, 8, 9]	Momentum Fading — Hold, Don't Add	16.45	15.03	swing_low_3	True	15.84	8.63	null
CNH	NONE	BEARISH	False	58.3	null	57.1	NONE	False	False	18.0	94.9	84.2	1.44	0.49	False	11.48	10.73	10.65	10.63	BUILDING	ACCELERATING	65.1	MIXED	3	INTERRUPTED	[0, 0, 3, 5, 10]	Declining — Avoid	11.87	null	null	False	11.38	null	no valid bracket — no structural support passes the 3 gates (atr≥1.0, rr≥2.0, risk%≤regime ceiling)
SJM	NONE	BULLISH	False	57.9	RANGE	79.8	NONE	False	False	9.9	60.7	78.9	1.22	3.17	False	6.99	120.48	116.2	105.71	BUILDING	DECELERATING	65.8	NONE	0	INTERRUPTED	[2, 1, 6, 7, 10]	Momentum Fading — Hold, Don't Add	124.32	120.48	ma20	True	121.15	3.09	null
BWIN	NONE	BULLISH	False	74.7	RANGE	81.5	NONE	False	False	22.4	29.9	61.8	0.46	1.42	False	19.69	29.57	26.65	23.64	STRONG	ACCELERATING	74.0	NONE	0	null	[7, 7, 7, 10, 10]	Declining — Avoid	31.9	null	null	False	30.48	null	no valid bracket — no structural support passes the 3 gates (atr≥1.0, rr≥2.0, risk%≤regime ceiling)
GFI	NONE	BULLISH	False	80.0	ABOVE_STRUCTURE	63.0	NONE	False	False	41.6	41.4	84.2	1.33	1.85	False	33.13	38.43	35.91	43.35	STRONG	FLAT	79.6	NONE	0	null	[7, 7, 10, 10, 10]	Momentum Fading — Hold, Don't Add	47.81	null	null	False	45.96	null	no valid bracket — no structural support passes the 3 gates (atr≥1.0, rr≥2.0, risk%≤regime ceiling)
TPG	NONE	BULLISH	True	70.5	RANGE	71.4	NONE	False	False	30.0	18.5	57.9	0.61	2.03	False	17.09	48.8	44.75	49.29	FADING	DECELERATING	71.5	NONE	0	null	[7, 7, 7, 7, 7]	Declining — Avoid	52.4	49.29	ma200	True	50.37	5.94	null
JNJ	NONE	BULLISH	False	71.6	RANGE	74.8	NONE	False	False	9.9	69.9	67.1	0.88	5.86	False	6.05	262.15	254.83	231.81	FADING	FLAT	63.9	NONE	0	CORRECTION_REENTRY	[7, 9, 10, 7, 10]	Momentum Fading — Hold, Don't Add	270.24	null	null	False	264.38	null	no valid bracket — no structural support passes the 3 gates (atr≥1.0, rr≥2.0, risk%≤regime ceiling)
CWK	NONE	BULLISH	False	80.0	ABOVE_STRUCTURE	62.2	NONE	False	False	19.8	59.4	72.4	0.73	0.6	False	9.21	13.97	13.57	14.23	BUILDING	ACCELERATING	70.8	BEARISH	4	null	[7, 7, 10, 7, 7]	Momentum Building — Add	14.82	null	null	False	14.22	null	no valid bracket — no structural support passes the 3 gates (atr≥1.0, rr≥2.0, risk%≤regime ceiling)
SLDE	NONE	BULLISH	False	82.1	RANGE	73.1	NONE	False	False	16.4	44.9	60.5	0.93	0.75	False	13.02	21.32	20.12	18.32	BUILDING	ACCELERATING	70.5	NONE	0	SUSTAINED	[10, 10, 10, 10, 10]	Declining — Avoid	22.74	null	null	False	21.99	null	no valid bracket — no structural support passes the 3 gates (atr≥1.0, rr≥2.0, risk%≤regime ceiling)
JPM	NONE	BULLISH	False	60.0	RANGE	60.5	NONE	False	False	null	null	25.0	1.31	6.23	False	2.22	357.08	343.94	316.07	FADING	DECELERATING	40.1	BEARISH	1	null	[4, 4, 1, 0, 0]	Declining — Avoid	351.58	343.94	ma50	True	345.35	2.17	null
ZS	NONE	BULLISH	False	62.9	ABOVE_STRUCTURE	66.4	NONE	False	False	28.9	35.3	65.8	0.75	8.07	False	20.55	168.93	150.77	179.44	FADING	FLAT	70.0	NONE	0	INTERRUPTED	[7, 7, 7, 5, 7]	Momentum Fading — Hold, Don't Add	181.75	168.93	ma20	True	173.68	7.05	null
ADBE	NONE	BULLISH	False	96.8	ABOVE_STRUCTURE	72.3	NONE	False	False	18.7	52.5	59.2	0.86	11.06	False	18.28	260.47	232.75	270.43	STRONG	ACCELERATING	74.6	NONE	0	ACCELERATION	[3, 4, 7, 10, 10]	Momentum Fading — Hold, Don't Add	275.3	null	null	False	264.24	null	no valid bracket — no structural support passes the 3 gates (atr≥1.0, rr≥2.0, risk%≤regime ceiling)
BDX	NONE	BULLISH	False	73.7	ABOVE_STRUCTURE	58.0	NONE	False	False	20.2	30.8	71.1	1.33	4.58	False	18.96	176.49	161.4	157.66	STRONG	ACCELERATING	73.4	NONE	0	CORRECTION_REENTRY	[7, 7, 10, 7, 10]	Momentum Fading — Hold, Don't Add	192.0	null	null	False	187.42	null	no valid bracket — no structural support passes the 3 gates (atr≥1.0, rr≥2.0, risk%≤regime ceiling)
CAG	NONE	BULLISH	False	73.7	null	57.1	NONE	False	False	12.7	53.6	78.9	0.86	0.47	False	13.41	15.31	14.49	15.93	BUILDING	ACCELERATING	67.6	NONE	0	SUSTAINED	[10, 10, 10, 10, 10]	Momentum Fading — Hold, Don't Add	16.43	null	null	False	15.96	null	no valid bracket — no structural resistance above price
AU	NONE	BULLISH	False	86.7	ABOVE_STRUCTURE	61.3	NONE	False	False	49.6	46.2	94.7	2.22	4.95	False	39.94	93.05	86.62	93.22	STRONG	ACCELERATING	81.6	BULLISH	0	null	[7, 7, 10, 10, 10]	Momentum Fading — Hold, Don't Add	121.22	null	null	False	116.27	null	no valid bracket — no structural support passes the 3 gates (atr≥1.0, rr≥2.0, risk%≤regime ceiling)
KMI	NONE	BEARISH	False	40.0	RANGE	43.7	NONE	True	False	null	null	67.1	1.13	0.78	False	-3.26	31.72	32.03	30.83	FADING	DECELERATING	41.2	NONE	0	null	[9, 10, 6, 3, 0]	Momentum Fading — Hold, Don't Add	30.98	null	null	False	30.2	null	no valid bracket — no structural support passes the 3 gates (atr≥1.0, rr≥2.0, risk%≤regime ceiling)
SHO	NONE	BEARISH	False	30.9	RANGE	50.4	NONE	False	False	14.9	36.9	73.7	0.62	0.27	False	-1.51	11.3	11.46	10.0	BUILDING	ACCELERATING	44.4	NONE	0	INTERRUPTED	[3, 3, 5, 6, 9]	Momentum Building — Add	11.29	10.99	swing_low_2	True	11.02	2.66	null
EQNR	NONE	BULLISH	False	84.2	ABOVE_STRUCTURE	79.0	NONE	False	False	13.1	38.8	73.7	0.62	1.07	False	15.9	40.54	36.98	32.54	FADING	DECELERATING	73.6	NONE	0	SUSTAINED	[10, 10, 10, 10, 10]	Momentum Fading — Hold, Don't Add	42.86	null	null	False	41.79	null	no valid bracket — no structural support passes the 3 gates (atr≥1.0, rr≥2.0, risk%≤regime ceiling)
MNST	NONE	BEARISH	False	43.2	RANGE	49.6	NONE	False	False	10.4	57.7	73.7	0.68	1.17	False	0.69	47.09	47.46	41.22	BUILDING	ACCELERATING	51.2	BULLISH	0	ACCELERATION	[0, 5, 8, 9, 9]	Momentum Fading — Hold, Don't Add	47.79	null	null	False	46.62	null	no valid bracket — no structural support passes the 3 gates (atr≥1.0, rr≥2.0, risk%≤regime ceiling)
ARM	NONE	BEARISH	False	26.3	BEARISH_CHOCH	42.0	NONE	False	False	null	null	15.8	0.69	20.9	False	-19.53	260.78	302.36	197.14	FADING	DECELERATING	23.6	BULLISH	0	null	[4, 2, 2, 2, 0]	Momentum Fading — Hold, Don't Add	243.32	219.39	swing_low_1	True	222.42	9.83	null
APLE	NONE	BEARISH	False	49.5	RANGE	64.7	NONE	False	False	10.6	51.7	73.7	0.96	0.35	False	1.15	16.3	16.48	13.53	BUILDING	ACCELERATING	55.4	BEARISH	5	ACCELERATION	[3, 3, 5, 9, 9]	Momentum Building — Add	16.67	null	null	False	16.32	null	no valid bracket — no structural support passes the 3 gates (atr≥1.0, rr≥2.0, risk%≤regime ceiling)
RJF	NONE	BEARISH	True	63.2	RANGE	76.5	NONE	True	False	null	null	43.4	1.78	3.75	False	4.32	177.75	167.95	159.53	FADING	DECELERATING	51.6	BEARISH	1	null	[4, 4, 1, 0, 0]	Declining — Avoid	175.2	170.54	fib_618	True	171.45	2.66	null
U	NONE	BULLISH	True	61.1	ABOVE_STRUCTURE	65.5	NONE	False	False	49.5	14.9	68.4	0.58	1.97	False	40.42	40.18	33.42	31.88	FADING	DECELERATING	72.4	NONE	0	null	[7, 7, 7, 7, 7]	Momentum Fading — Hold, Don't Add	46.93	null	null	False	44.96	null	no valid bracket — no structural support passes the 3 gates (atr≥1.0, rr≥2.0, risk%≤regime ceiling)
VERX	NONE	BULLISH	False	70.5	BEARISH_CHOCH	77.3	NONE	False	False	19.6	52.8	61.8	0.33	0.71	False	9.43	12.72	12.31	14.92	BUILDING	ACCELERATING	67.9	BEARISH	2	null	[7, 9, 10, 10, 10]	Momentum Fading — Hold, Don't Add	13.47	null	null	False	12.76	null	no valid bracket — no structural support passes the 3 gates (atr≥1.0, rr≥2.0, risk%≤regime ceiling)
CHYM	NONE	BULLISH	False	76.8	RANGE	61.3	NONE	False	False	47.0	22.3	61.8	0.61	1.54	False	40.68	28.36	23.3	22.09	STRONG	ACCELERATING	72.3	BEARISH	1	null	[7, 7, 7, 7, 7]	Declining — Avoid	32.78	null	null	False	31.24	null	no valid bracket — no structural support passes the 3 gates (atr≥1.0, rr≥2.0, risk%≤regime ceiling)
ELS	NONE	BULLISH	False	54.7	BEARISH_CHOCH	74.8	NONE	True	False	6.6	41.3	28.9	0.79	1.21	False	1.17	65.2	64.7	63.75	BUILDING	FLAT	46.1	NONE	0	INTERRUPTED	[4, 1, 6, 6, 9]	Momentum Building — Add	65.46	null	null	False	64.25	null	no valid bracket — no structural support passes the 3 gates (atr≥1.0, rr≥2.0, risk%≤regime ceiling)
SOFI	NONE	BULLISH	False	76.8	BULLISH_BOS	64.7	NONE	False	False	25.2	33.0	26.3	0.98	0.86	False	7.0	17.75	17.67	20.51	BUILDING	ACCELERATING	56.3	NONE	0	CORRECTION_REENTRY	[7, 4, 9, 3, 10]	Declining — Avoid	18.91	17.75	ma20	True	18.05	6.13	null
KDP	NONE	BEARISH	False	66.3	RANGE	66.4	NONE	False	False	14.5	47.0	73.7	0.71	0.96	False	2.95	30.75	31.12	28.85	BUILDING	ACCELERATING	68.7	BULLISH	0	ACCELERATION	[4, 9, 9, 9, 10]	Momentum Fading — Hold, Don't Add	32.04	null	null	False	31.08	null	no valid bracket — no structural support passes the 3 gates (atr≥1.0, rr≥2.0, risk%≤regime ceiling)
RIVN	NONE	BULLISH	False	44.2	ABOVE_STRUCTURE	56.2	NONE	True	False	17.6	99.0	65.8	1.54	0.83	False	3.33	15.89	16.42	16.27	BUILDING	ACCELERATING	51.6	BULLISH	0	INTERRUPTED	[0, 0, 5, 5, 10]	Momentum Fading — Hold, Don't Add	16.97	null	null	False	16.14	null	no valid bracket — no structural support passes the 3 gates (atr≥1.0, rr≥2.0, risk%≤regime ceiling)
EFX	NONE	BULLISH	False	74.7	BULLISH_BOS	74.8	NONE	False	False	13.5	80.0	67.1	0.9	7.13	False	11.99	181.64	172.0	188.73	BUILDING	ACCELERATING	69.5	NONE	0	ACCELERATION	[2, 6, 9, 10, 10]	Declining — Avoid	192.62	null	null	False	185.49	null	no valid bracket — no structural support passes the 3 gates (atr≥1.0, rr≥2.0, risk%≤regime ceiling)
NDAQ	NONE	BULLISH	True	73.7	BULLISH_BOS	85.7	NONE	True	False	8.7	41.4	56.6	1.31	2.12	False	9.1	95.64	90.03	89.82	FADING	ACCELERATING	69.6	NONE	0	INTERRUPTED	[7, 4, 4, 7, 7]	Declining — Avoid	98.22	null	null	False	96.1	null	no valid bracket — no structural support passes the 3 gates (atr≥1.0, rr≥2.0, risk%≤regime ceiling)
ABNB	NONE	BULLISH	False	73.7	BULLISH_BOS	70.6	NONE	False	False	27.8	20.2	57.9	0.8	5.75	False	21.94	168.98	153.6	136.17	STRONG	ACCELERATING	73.3	NONE	0	null	[7, 7, 7, 7, 7]	Momentum Fading — Hold, Don't Add	187.3	null	null	False	181.55	null	no valid bracket — no structural support passes the 3 gates (atr≥1.0, rr≥2.0, risk%≤regime ceiling)
ABT	NONE	BULLISH	False	84.2	ABOVE_STRUCTURE	69.7	NONE	False	False	12.5	51.6	59.2	1.17	2.65	False	16.71	109.26	99.94	107.08	FADING	DECELERATING	70.7	NONE	0	CORRECTION_REENTRY	[7, 10, 10, 7, 10]	Momentum Fading — Hold, Don't Add	116.64	null	null	False	113.99	null	no valid bracket — no structural support passes the 3 gates (atr≥1.0, rr≥2.0, risk%≤regime ceiling)
FRSH	null	null	null	66.3	ABOVE_STRUCTURE	65.5	null	null	null	23.0	37.0	63.2	0.47	0.55	False	20.13	12.0	10.8	10.1	STRONG	null	70.5	null	null	null	[7, 10, 10, 7, 7]	Momentum Fading — Hold, Don't Add	12.98	null	null	False	12.43	null	no valid bracket — no structural support passes the 3 gates (atr≥1.0, rr≥2.0, risk%≤regime ceiling)
TMO	NONE	BULLISH	True	73.7	ABOVE_STRUCTURE	68.9	NONE	False	False	13.2	68.1	67.1	0.79	16.07	False	16.17	589.54	541.68	533.8	FADING	ACCELERATING	69.5	NONE	0	ACCELERATION	[4, 3, 7, 10, 10]	Momentum Fading — Hold, Don't Add	629.27	null	null	False	613.2	null	no valid bracket — no structural support passes the 3 gates (atr≥1.0, rr≥2.0, risk%≤regime ceiling)
PBR	NONE	BULLISH	False	65.3	BEARISH_CHOCH	74.8	NONE	False	False	10.0	72.7	61.8	1.1	0.5	False	7.81	18.44	17.76	16.75	BUILDING	DECELERATING	60.6	BEARISH	2	ACCELERATION	[5, 3, 7, 9, 10]	Momentum Fading — Hold, Don't Add	19.15	18.44	ma20	True	18.65	3.71	null
TRU	NONE	BULLISH	False	74.7	RANGE	81.5	NONE	True	False	13.9	69.0	59.2	0.76	2.96	False	11.24	80.83	76.06	76.42	BUILDING	ACCELERATING	70.4	NONE	0	ACCELERATION	[1, 0, 7, 10, 10]	Declining — Avoid	84.61	null	null	False	81.66	null	no valid bracket — no structural support passes the 3 gates (atr≥1.0, rr≥2.0, risk%≤regime ceiling)
BHP	NONE	BULLISH	False	83.2	ABOVE_STRUCTURE	60.5	NONE	False	False	17.7	59.9	61.8	1.43	2.57	False	13.34	88.25	85.61	74.55	BUILDING	ACCELERATING	66.9	NONE	0	ACCELERATION	[4, 5, 10, 10, 10]	Momentum Fading — Hold, Don't Add	97.03	null	null	False	94.46	null	no valid bracket — no structural support passes the 3 gates (atr≥1.0, rr≥2.0, risk%≤regime ceiling)
SU	NONE	BULLISH	True	71.6	BULLISH_BOS	80.7	NONE	False	False	14.2	33.7	65.8	0.46	1.68	False	11.67	65.09	61.27	56.87	FADING	DECELERATING	68.3	BEARISH	1	SUSTAINED	[10, 10, 10, 10, 10]	Momentum Fading — Hold, Don't Add	68.42	null	null	False	66.75	null	no valid bracket — no structural support passes the 3 gates (atr≥1.0, rr≥2.0, risk%≤regime ceiling)
MAN	NONE	BULLISH	False	84.2	ABOVE_STRUCTURE	73.1	NONE	False	False	21.3	47.2	61.8	0.83	2.38	False	32.65	56.43	46.32	33.69	BUILDING	DECELERATING	71.3	NONE	0	ACCUMULATION_BASE	[5, 8, 8, 8, 8]	Declining — Avoid	61.45	null	null	False	59.07	null	no valid bracket — no structural support passes the 3 gates (atr≥1.0, rr≥2.0, risk%≤regime ceiling)
BFLY	NONE	BULLISH	False	61.1	RANGE	80.7	NONE	False	False	41.4	27.9	44.7	0.87	0.65	False	22.36	8.57	7.81	4.86	STRONG	ACCELERATING	65.8	BEARISH	5	null	[7, 7, 7, 7, 10]	null	9.55	null	null	False	8.9	null	no valid bracket — no structural support passes the 3 gates (atr≥1.0, rr≥2.0, risk%≤regime ceiling)
BRZE	null	null	null	83.6	ABOVE_STRUCTURE	77.3	null	null	null	33.5	37.1	75.0	1.51	1.59	False	25.92	27.45	24.67	24.5	STRONG	null	79.8	null	null	null	[7, 7, 10, 10, 10]	Momentum Fading — Hold, Don't Add	31.06	null	null	False	29.47	null	no valid bracket — no structural support passes the 3 gates (atr≥1.0, rr≥2.0, risk%≤regime ceiling)
SCHW	NONE	BULLISH	False	81.1	ABOVE_STRUCTURE	72.3	NONE	False	False	9.3	27.5	73.7	1.02	2.03	False	10.73	108.05	101.42	96.67	FADING	ACCELERATING	74.6	NONE	0	INTERRUPTED	[7, 10, 7, 4, 7]	Declining — Avoid	112.3	null	null	False	110.27	null	no valid bracket — no structural support passes the 3 gates (atr≥1.0, rr≥2.0, risk%≤regime ceiling)
PATH	null	null	null	77.7	RANGE	63.9	null	null	null	40.8	22.2	69.7	0.79	0.83	False	31.41	14.52	12.47	12.73	STRONG	null	74.2	null	null	null	[7, 7, 7, 7, 7]	Momentum Fading — Hold, Don't Add	16.39	null	null	False	15.56	null	no valid bracket — no structural support passes the 3 gates (atr≥1.0, rr≥2.0, risk%≤regime ceiling)
RIO	null	null	null	61.1	ABOVE_STRUCTURE	73.1	null	null	null	15.7	60.4	72.4	1.31	2.5	False	9.41	98.41	96.25	91.62	BUILDING	null	67.1	null	null	ACCELERATION	[2, 0, 8, 9, 10]	Momentum Fading — Hold, Don't Add	105.3	102.56	fib_618	True	102.8	2.6	null
GSK	NONE	BEARISH	False	36.8	RANGE	49.6	NONE	False	False	13.2	45.1	40.8	0.58	1.2	False	1.05	51.72	51.87	52.11	BUILDING	ACCELERATING	41.1	NONE	0	ACCELERATION	[3, 5, 8, 9, 9]	Momentum Fading — Hold, Don't Add	52.41	null	null	False	51.21	null	no valid bracket — no structural support passes the 3 gates (atr≥1.0, rr≥2.0, risk%≤regime ceiling)
GTLB	NONE	BULLISH	False	64.2	RANGE	67.2	NONE	False	False	31.7	19.0	55.3	0.73	2.02	False	23.8	38.45	33.66	31.58	STRONG	ACCELERATING	68.2	NONE	0	null	[7, 7, 7, 7, 7]	Momentum Fading — Hold, Don't Add	41.67	null	null	False	39.65	null	no valid bracket — no structural support passes the 3 gates (atr≥1.0, rr≥2.0, risk%≤regime ceiling)
MRNA	NONE	BULLISH	False	55.2	ABOVE_STRUCTURE	68.1	NONE	False	False	108.1	88.7	93.4	4.39	14.88	False	114.68	72.57	67.6	48.73	STRONG	ACCELERATING	78.1	NONE	0	CORRECTION_REENTRY	[10, 7, 10, 10, 10]	Momentum Fading — Hold, Don't Add	145.13	null	null	False	130.25	null	no valid bracket — no structural support passes the 3 gates (atr≥1.0, rr≥2.0, risk%≤regime ceiling)
ELF	NONE	BULLISH	True	84.2	ABOVE_STRUCTURE	69.7	NONE	False	False	26.9	49.9	36.8	0.56	4.54	False	28.92	90.72	79.07	74.91	STRONG	ACCELERATING	65.4	BEARISH	2	ACCELERATION	[5, 5, 10, 10, 10]	Momentum Fading — Hold, Don't Add	101.94	null	null	False	97.4	null	no valid bracket — no structural support passes the 3 gates (atr≥1.0, rr≥2.0, risk%≤regime ceiling)
NEM	NONE	BULLISH	False	84.2	ABOVE_STRUCTURE	63.0	NONE	False	False	39.2	34.0	71.1	1.42	4.57	False	29.59	109.32	101.54	106.36	STRONG	DECELERATING	76.5	NONE	0	null	[7, 7, 10, 10, 10]	Momentum Fading — Hold, Don't Add	131.58	null	null	False	127.01	null	no valid bracket — no structural support passes the 3 gates (atr≥1.0, rr≥2.0, risk%≤regime ceiling)
WBD	null	null	null	81.1	ABOVE_STRUCTURE	64.7	null	null	null	12.7	26.5	73.7	0.67	0.49	False	6.79	26.92	26.74	27.0	STRONG	null	74.9	null	null	null	[7, 10, 7, 7, 7]	Momentum Fading — Hold, Don't Add	28.55	null	null	False	28.06	null	no valid bracket — no structural support passes the 3 gates (atr≥1.0, rr≥2.0, risk%≤regime ceiling)
ACN	NONE	BULLISH	False	73.7	ABOVE_STRUCTURE	71.4	NONE	False	False	23.0	45.4	30.3	0.74	8.03	False	20.82	173.06	153.35	205.74	STRONG	FLAT	61.0	NONE	0	CORRECTION_REENTRY	[5, 4, 9, 7, 10]	Momentum Fading — Hold, Don't Add	185.28	null	null	False	177.25	null	no valid bracket — no structural support passes the 3 gates (atr≥1.0, rr≥2.0, risk%≤regime ceiling)
NOW	NONE	BULLISH	False	89.5	ABOVE_STRUCTURE	73.1	NONE	False	False	26.6	41.0	53.9	0.56	6.27	False	17.96	119.94	108.92	120.31	BUILDING	ACCELERATING	70.2	NONE	0	INTERRUPTED	[5, 3, 9, 10, 7]	Momentum Fading — Hold, Don't Add	128.48	120.31	ma200	True	122.21	6.36	null
TEAM	NONE	BULLISH	False	76.2	ABOVE_STRUCTURE	68.1	NONE	False	False	66.3	19.3	61.8	0.57	8.92	False	61.99	135.88	106.07	107.91	FADING	FLAT	74.2	NONE	0	null	[7, 7, 7, 7, 7]	Momentum Fading — Hold, Don't Add	171.81	null	null	False	162.89	null	no valid bracket — no structural support passes the 3 gates (atr≥1.0, rr≥2.0, risk%≤regime ceiling)
SPGI	NONE	BULLISH	False	61.1	RANGE	71.4	NONE	False	False	9.3	64.4	73.7	0.85	11.03	False	3.5	417.64	416.7	449.48	BUILDING	ACCELERATING	61.3	NONE	0	ACCELERATION	[1, 6, 8, 9, 10]	Declining — Avoid	431.29	null	null	False	420.26	null	no valid bracket — no structural support passes the 3 gates (atr≥1.0, rr≥2.0, risk%≤regime ceiling)
GIS	NONE	BULLISH	False	73.7	null	60.5	NONE	False	False	12.5	49.9	59.2	0.61	1.11	False	9.29	37.63	36.57	40.22	BUILDING	ACCELERATING	62.7	BULLISH	0	null	[7, 7, 10, 10, 10]	Momentum Fading — Hold, Don't Add	39.97	null	null	False	38.86	null	no valid bracket — no structural resistance above price
MTCH	NONE	BEARISH	False	71.6	RANGE	61.3	NONE	False	False	13.4	75.2	67.1	0.69	1.26	False	7.74	38.61	37.93	34.21	BUILDING	ACCELERATING	62.7	BEARISH	2	ACCELERATION	[3, 6, 9, 10, 10]	Momentum Fading — Hold, Don't Add	40.87	null	null	False	39.61	null	no valid bracket — no structural support passes the 3 gates (atr≥1.0, rr≥2.0, risk%≤regime ceiling)
CPB	NONE	BULLISH	False	68.4	null	83.2	BREAKOUT_UP	True	False	11.0	61.8	67.1	0.94	0.72	False	6.76	22.86	22.43	24.48	BUILDING	ACCELERATING	73.2	NONE	0	ACCELERATION	[4, 6, 9, 10, 10]	Momentum Fading — Hold, Don't Add	23.95	null	null	False	23.22	null	no valid bracket — no structural resistance above price
AMBP	NONE	BULLISH	False	82.1	RANGE	69.7	NONE	False	False	15.1	40.5	50.0	0.57	0.2	False	12.7	5.06	4.76	4.29	STRONG	DECELERATING	68.1	BEARISH	1	null	[7, 7, 10, 10, 10]	Momentum Fading — Hold, Don't Add	5.36	null	null	False	5.16	null	no valid bracket — no structural support passes the 3 gates (atr≥1.0, rr≥2.0, risk%≤regime ceiling)
COP	NONE	BULLISH	False	73.7	ABOVE_STRUCTURE	64.7	NONE	False	False	18.2	45.2	65.8	1.27	3.26	False	16.57	122.95	115.7	110.51	STRONG	DECELERATING	69.5	NONE	0	SUSTAINED	[10, 10, 10, 10, 10]	Momentum Fading — Hold, Don't Add	134.87	null	null	False	131.61	null	no valid bracket — no structural support passes the 3 gates (atr≥1.0, rr≥2.0, risk%≤regime ceiling)
ADP	NONE	BULLISH	False	73.7	BULLISH_BOS	71.4	NONE	False	False	11.6	51.3	59.2	1.07	7.29	False	12.56	270.7	249.48	235.62	STRONG	ACCELERATING	69.1	NONE	0	ACCUMULATION_BASE	[2, 3, 7, 7, 8]	Declining — Avoid	280.81	null	null	False	273.52	null	no valid bracket — no structural support passes the 3 gates (atr≥1.0, rr≥2.0, risk%≤regime ceiling)
FCX	null	null	null	88.4	ABOVE_STRUCTURE	60.5	null	null	null	28.2	57.5	94.7	2.25	3.0	False	18.53	67.11	64.68	59.15	BUILDING	null	78.5	null	null	ACCELERATION	[5, 3, 9, 10, 10]	Momentum Fading — Hold, Don't Add	76.66	null	null	False	73.66	null	no valid bracket — no structural support passes the 3 gates (atr≥1.0, rr≥2.0, risk%≤regime ceiling)
AFRM	NONE	BEARISH	True	60.0	BEARISH_CHOCH	74.8	NONE	True	False	15.1	63.9	31.6	0.82	3.63	False	0.69	75.21	76.5	66.38	BUILDING	ACCELERATING	53.5	NONE	0	INTERRUPTED	[4, 0, 7, 2, 9]	Momentum Fading — Hold, Don't Add	77.03	null	null	False	73.4	null	no valid bracket — no structural support passes the 3 gates (atr≥1.0, rr≥2.0, risk%≤regime ceiling)
UNP	NONE	BULLISH	False	68.4	RANGE	84.9	BREAKOUT_UP	True	False	7.9	54.4	36.8	0.97	6.34	False	7.63	296.1	286.22	256.33	FADING	ACCELERATING	56.6	NONE	0	null	[7, 7, 7, 9, 10]	Declining — Avoid	308.05	296.1	ma20	True	301.71	3.88	null
AMCR	NONE	BULLISH	False	73.7	BULLISH_BOS	73.1	NONE	False	False	9.4	90.4	50.0	0.75	1.25	False	9.82	46.62	44.24	42.51	BUILDING	ACCELERATING	64.9	BEARISH	3	ACCUMULATION_BASE	[0, 0, 6, 7, 8]	Momentum Fading — Hold, Don't Add	48.59	null	null	False	47.34	null	no valid bracket — no structural support passes the 3 gates (atr≥1.0, rr≥2.0, risk%≤regime ceiling)
SONY	NONE	BULLISH	False	86.3	RANGE	81.5	NONE	False	False	12.6	26.1	57.9	0.66	0.52	False	10.44	23.26	21.66	23.0	STRONG	FLAT	76.3	BEARISH	1	INTERRUPTED	[7, 7, 4, 4, 7]	Momentum Fading — Hold, Don't Add	23.92	null	null	False	23.4	null	no valid bracket — no structural support passes the 3 gates (atr≥1.0, rr≥2.0, risk%≤regime ceiling)
